x1,x2,label
-1.8587930810303064,1.4814098332149201,0.0
-0.29705829342914347,2.9261761555031294,0.0
0.04426580221643561,1.0814293861582276,0.0
-1.6080192415828063,2.3600844939506285,0.0
0.4291977282883602,4.937131318003134,0.0
2.2216178549047703,1.8367074925782776,0.0
1.2524111079904565,4.348862578589966,0.0
-1.1028480114514312,1.7543353239945119,0.0
0.04292673465021282,2.6874592904976176,0.0
-0.20623451112041594,2.315841427051521,0.0
1.7802115076512022,4.286799679092326,0.0
0.5080251135087226,4.117650477757181,0.0
0.16373169960235795,2.6342936686728624,0.0
1.5383090516060367,5.128478338241603,0.0
-0.516228123410018,2.8379738430316235,0.0
0.9845433317913855,2.1033749821266245,0.0
-1.1620614598904082,2.304978028107789,0.0
0.20961390352075313,3.571656655620692,0.0
-1.331839851288762,1.138064003243695,0.0
-2.76363198833698,-0.14603461392568295,0.0
-2.116713894235879,1.155828983569204,0.0
0.5046657441399819,2.6746620816540014,0.0
-0.027584099753655722,3.681548703924648,0.0
1.40831092332683,1.3370637109483356,0.0
-0.2192306270222258,1.8041202604687572,0.0
-0.32787542074993165,2.413121224919787,0.0
1.2073625944244861,2.627368620131058,0.0
-0.004946088880896829,3.0781148904296174,0.0
-1.8035009466545284,1.9817158194539488,0.0
0.8194626457822533,3.648487989942157,0.0
-0.7218684709487793,3.0704198811148737,0.0
-0.6240765745473248,1.6644988002597743,0.0
0.7797140960463347,2.2395635020206055,0.0
-0.10308850396162733,2.1741418812773055,0.0
0.3134619020611773,2.7424972242857666,0.0
0.3710289894718873,3.804504829449233,0.0
-0.3676001836289563,2.1530814438093695,0.0
0.02934274846998791,3.59185088228871,0.0
0.7030792394884626,3.5515303807939254,0.0
1.4039758276047913,6.154327376129959,0.0
0.021565126995971733,2.9051220964017967,0.0
1.962934385849508,3.6417988650951996,0.0
1.788122487725671,2.537972029497944,0.0
-0.41710789030652196,3.1675913391856345,0.0
0.6462915913882037,2.857541702127641,0.0
-0.7543240276590049,1.427965854857754,0.0
1.3166785324005044,4.708161348932369,0.0
-0.9522785502503929,1.541525566011872,0.0
0.0693869998013551,2.403362526727803,0.0
-0.038670258432141225,4.63343236692083,0.0
-0.20639150802811143,2.5369041947476205,0.0
-0.445833319653311,2.3733153927350843,0.0
0.6378614394865827,2.085169707196835,0.0
0.4869733347989587,3.4600778584247776,0.0
-0.7140143280678096,3.2505034460256237,0.0
-1.3542190758781056,1.6011241660716238,0.0
1.766049003151909,3.804148332109671,0.0
-0.0764748482617583,2.7563725339898553,0.0
0.8349724343902377,4.7639588684497625,0.0
-1.2167901728907227,3.6875045689588313,0.0
-0.026877160606534764,3.0228253905692117,0.0
1.5710175330174696,2.8997565114343127,0.0
-0.6980270479065183,3.2740048817972354,0.0
-0.8829788128519251,2.97199019288565,0.0
-1.0403800576158038,3.3589065921959955,0.0
1.0575856293185748,5.152219003282944,0.0
0.7965387182071949,3.677980277955145,0.0
-0.38241660216841683,1.9257321078606298,0.0
-0.3207135921071681,1.810253243091778,0.0
1.9290578000908156,4.101527596077204,0.0
-1.202916467786853,3.048152082573612,0.0
-0.10206437921171357,2.748319082024552,0.0
-0.9951089270084144,1.4723985671788766,0.0
0.5014490830409368,2.9530233989923222,0.0
-0.45724601855097274,2.5607387463222446,0.0
2.188320486369969,2.300976290992526,0.0
-1.2355932167983756,2.48432204681055,0.0
0.5976178511289477,3.7644384999798897,0.0
-1.3149266648858053,2.474372668603902,0.0
-2.1449224752173026,1.5876666236393981,0.0
1.6020290847360288,4.578287752233899,0.0
-1.3436867333963565,2.8983296083909207,0.0
-0.9841759285468115,2.5505937324507375,0.0
0.442338472320257,3.2005742948298406,0.0
1.2246212166075392,3.6107386059485433,0.0
0.06943793568519019,1.5770108375131557,0.0
1.3436147857804428,3.703711744903918,0.0
-0.8852828175358454,2.2673741375918293,0.0
-0.555904173058306,3.9384053664582765,0.0
1.5252854401564562,4.546357982287227,0.0
1.6965710936157798,4.397228333025342,0.0
-0.928926148202057,1.7983789757573945,0.0
0.9428920882040244,3.371740767403667,0.0
0.4239673516628564,2.3365579639488576,0.0
-2.162736556252421,2.0801514168860646,0.0
-1.75423651705254,2.6460337359370096,0.0
-0.28088743695253215,1.2049621179470926,0.0
-1.2177418987112438,2.6295779884660733,0.0
0.09153555053390651,3.1896022062076437,0.0
-1.1208798660224377,1.1324143618384963,0.0
-0.2496010446824204,3.4803790192748636,0.0
-0.08349627966063733,3.7242831037882205,0.0
-0.2617966250630626,2.0729499127989497,0.0
0.6130182210722119,3.7931787985143077,0.0
-1.578589954630922,1.5717840246885653,0.0
-0.9759901124510155,3.384433898334053,0.0
-0.38967334750331745,3.2960294467901163,0.0
0.8383039928516784,3.264852409621068,0.0
0.7297330820099277,2.995487037546068,0.0
-0.1403072778009815,4.7267843459965215,0.0
1.0926810070163944,1.9228666822286182,0.0
-1.1478593142992826,1.8363556164959753,0.0
-0.1952600375030497,2.067660332009103,0.0
2.307992593575311,4.291038576055452,0.0
1.4831383454917642,6.277511218066677,0.0
-0.5192745566330839,1.8240094357841887,0.0
1.068537450742717,4.207663313826442,0.0
-0.8192891704919333,1.9828005750958622,0.0
-1.2069296612936962,1.6029281708044363,0.0
-0.7621805757223507,2.360893493839794,0.0
0.058546086071609715,2.456595884310113,0.0
-0.4889230162110454,2.358418330088058,0.0
1.3546880195651332,3.3720191804048687,0.0
0.5666034266638288,2.1140477954617563,0.0
0.33966574936019217,2.489260292442485,0.0
0.8850619396724756,3.235784286633115,0.0
-0.20444792225353836,2.140366892885686,0.0
2.0061316513530647,3.2661658428632925,0.0
-1.2348732686600878,1.3898096806472224,0.0
-0.46156666088792536,2.6336042722802855,0.0
-0.6458396634159241,3.3062860017763107,0.0
0.7222274267428215,3.276530060491927,0.0
-1.16286217934795,1.3034021218474152,0.0
0.468604779121286,3.5510526451454103,0.0
-0.5679990259535976,2.5541074226536646,0.0
1.0659589396310207,2.566552541103085,0.0
-0.004431112342187293,1.9676350343925917,0.0
0.6708668795162182,3.301108332956178,0.0
-0.5577113226105751,1.2071761150125138,0.0
1.1134776594195948,5.091199245298116,0.0
-0.034710212172683885,3.9704465185444593,0.0
1.5957540118645241,2.7273893033613246,0.0
-1.1568461921517414,2.848390158580136,0.0
0.34690121718130124,3.461127649883447,0.0
-0.0926815001333823,2.8092601690439434,0.0
-0.19735438632721963,2.935909286847447,0.0
-0.8202321163912716,2.483544667604595,0.0
0.8585723172440693,3.92849870274843,0.0
0.41988704885097716,4.284368448673299,0.0
0.3472177098458144,2.5729881392689,0.0
-0.4908099989011058,1.5440313477167313,0.0
-0.36022241874675354,2.8764432161056592,0.0
-0.3162685732412563,2.1944657564696923,0.0
-1.708196519916052,0.3606597386243715,0.0
1.5721798256581705,2.5096225597906647,0.0
2.247755975989036,4.622437951513524,0.0
1.1668298198101201,3.6812996089310146,0.0
-1.3839187734177083,1.9154861696585987,0.0
0.7247081157273944,2.3105167051248525,0.0
-0.14612048691751123,3.6792600111067584,0.0
0.3993007837058394,2.6583386597578498,0.0
-0.44660496756594437,1.384146948645918,0.0
1.0055776144250432,3.0971553504655587,0.0
0.2981070588154862,2.7120957721543686,0.0
1.2586717701330836,4.091120479148442,0.0
-0.5755274864512918,1.8157063761175427,0.0
-0.04948312516648534,4.05626949460831,0.0
-0.5276032172086534,2.4132097454741968,0.0
-0.7060634754944016,1.8838922258104165,0.0
1.1499628793565775,3.672603134365729,0.0
-2.0799456425666145,3.437881406067301,0.0
0.555214867980193,3.3816535702857187,0.0
1.046893808457011,2.0982109777032436,0.0
-0.28752258083842347,2.792308419674536,0.0
1.9582817211486896,3.786353060423423,0.0
2.0169992701337156,4.8763299381654654,0.0
0.7727865612783014,3.9228336402014174,0.0
-1.8601820269023945,2.3602449021744283,0.0
0.2851256986659454,5.218330918780531,0.0
-0.6706464889520796,2.5364935091055023,0.0
-0.026651543123352772,2.2661647773843776,0.0
-0.6536153475437481,4.647823159839571,0.0
-0.31929110881468964,2.082635167493807,0.0
-0.919720290302009,3.0672995147857316,0.0
-1.2876059183307964,1.3816320599022989,0.0
1.3308572045917362,3.649827828117057,0.0
0.89786604450758,2.8119606709490714,0.0
-0.7497295721722077,3.4825697508524436,0.0
-2.1180906377929194,2.02203389092937,0.0
0.26850496598911877,1.4285811005136881,0.0
0.6908612077154094,2.0677876483232644,0.0
0.33886818908144695,2.0360701720815624,0.0
0.5787527178260836,4.160383235974445,0.0
0.33531837525196523,3.6860242997176518,0.0
0.5599077785469162,2.823583924208634,0.0
-0.1432855148587353,1.5923930272962168,0.0
-0.8247740683379616,1.8227580467270286,0.0
-0.6867639348099873,1.7072557775268697,0.0
0.7047925815822287,4.386043442178633,0.0
1.840400135515427,4.233413987264773,0.0
0.5640997992702474,2.529984184135164,0.0
-0.13138572454828557,2.881850599581583,0.0
-1.2655822118209135,2.957260101560032,0.0
-1.5753404464236802,2.578087851950257,0.0
0.12121613257898789,2.9983623203591274,0.0
-2.416470078913286,1.754235054728325,0.0
-0.345562254633095,1.4622410804045838,0.0
1.0510033947241522,2.8127546340392215,0.0
-0.07377819808561892,5.1264349521839,0.0
0.944627046136171,4.171543454081712,0.0
0.21172514868280407,2.218302641977228,0.0
0.3703091254287274,3.6766118415125204,0.0
1.0234250927324906,2.6129988945978293,0.0
-2.5888927462987934,1.9838495666087759,0.0
-0.864583277227472,2.7588468209681465,0.0
-1.5005641353657324,2.9825798276261453,0.0
0.391420868355135,1.9660100599444592,0.0
-0.18661656676686425,2.857121948764088,0.0
2.0924940687191067,4.7507360707549555,0.0
-0.9575192797597907,1.9767951592782314,0.0
-1.1677706867690212,1.607577636153111,0.0
0.8094129794413716,3.2570108518800462,0.0
0.6520433051693679,2.9661928535944617,0.0
-0.39370429183232114,3.485930866095468,0.0
0.264550083641624,2.8134419389692136,0.0
0.05094963808866265,3.344184576074833,0.0
0.19867000052058287,3.3104317503769085,0.0
0.8620572742260375,3.6665501992002594,0.0
0.8278453662154489,4.04073612435755,0.0
0.7557873236571704,3.169581289241663,0.0
0.5178515990674732,4.083333174912232,0.0
1.0075619472324966,3.1672944355296657,0.0
-0.6992242000209142,1.3145133425267101,0.0
1.2212327605807918,2.5822477126286687,0.0
-1.3961089069286894,2.4544327837671753,0.0
0.3840152978992707,3.658466611552041,0.0
-1.2805452584244634,1.7889924792560727,0.0
-0.4866747250958577,3.1266837245946886,0.0
-1.0522242674733824,3.4543129870454017,0.0
-0.44095288210653455,1.8196135526726493,0.0
-0.6715842700082837,1.7374716016020593,0.0
0.27807972940389725,3.66736802835492,0.0
-0.5050906988061927,2.1315142624996612,0.0
1.7762850192430069,3.7596821099249538,0.0
-1.1165577560198516,2.5640683677324514,0.0
0.261065896661816,3.488162077561213,0.0
1.3836232726043702,2.7719068469030423,0.0
1.0489298661837736,4.598604520482154,0.0
-0.38899494578158905,2.3466211761310585,0.0
0.8873206142381822,2.7253580876538264,0.0
-0.39835015164645604,2.016306984904925,0.0
0.9784136265352655,3.7429988575922457,0.0
0.22800889968121343,3.390518906341558,0.0
0.7039642872089911,4.471335867365396,0.0
-0.22917728397204884,2.8212297680425573,0.0
1.3900949575841002,4.334062696812764,0.0
-0.2671804021708417,1.189043515834113,0.0
-0.9260396848424275,4.0019004558611675,0.0
2.138028068213931,4.939394887606358,0.0
-0.46716411518486184,3.8372003314058065,0.0
-1.1777299748590369,2.4355373098359396,0.0
-0.38461001711352216,3.0986579881313245,0.0
-1.3119070617086377,1.4299217255801482,0.0
-0.03461548195659733,2.678494933873177,0.0
-0.9005284354308686,1.8342034925213946,0.0
1.1463674434818059,4.087392449414529,0.0
0.5364278609648883,4.230550961253337,0.0
1.131102330848547,3.7451930030727416,0.0
-0.6377060123942249,3.324493679677427,0.0
-0.029794183164711163,3.392643928668965,0.0
0.8695402904690444,2.5593482803966605,0.0
-0.8041629920903819,3.3340678090295577,0.0
0.8849013154898002,2.276922153754043,0.0
-0.7861235066071798,2.312310723320736,0.0
-0.5353785839656451,4.340084662745738,0.0
-1.8155082206361843,1.579952131730825,0.0
0.7866590514011782,3.526076132309287,0.0
-0.7862888052772841,2.3918560611982915,0.0
-0.8833086736310451,3.72790321176851,0.0
1.9188994544174311,3.148021902539547,0.0
-0.7266074454711585,2.8080065605714357,0.0
-0.6279017357764575,1.9582696049268644,0.0
-1.4077901556977144,2.438996463590458,0.0
-0.17094765124810457,3.264156882651083,0.0
-1.6969016216395136,3.175702063076366,0.0
0.5782405165265638,3.763284816166918,0.0
-0.9114930220039682,2.9092775798213317,0.0
1.7932599456464637,3.8794371199773448,0.0
-0.88499805275652,3.0533747650435696,0.0
2.3246280724304387,2.9508504856006135,0.0
-1.8328338905328723,1.8989255550989854,0.0
-0.6460684709785228,2.679765720593344,0.0
0.9884686438903498,2.99527612015154,0.0
0.4611279192996866,3.3256783923379523,0.0
-0.6798803994507462,2.1419568027094447,0.0
0.4672900992867296,5.079814178750056,0.0
-0.6468175687248663,1.3571306884167358,0.0
-1.3139078473981933,1.5504499205229587,0.0
0.7983867093588612,1.7018150884917647,0.0
0.4752519850659197,1.539896710980672,0.0
-0.17295419550960314,3.211453976770242,0.0
-0.37201310093231876,2.880102652047171,0.0
-0.43117351083496647,2.405816069376254,0.0
1.9855050113272208,4.158568215901724,0.0
-0.2512135760592409,2.9171418474794084,0.0
-0.5783516045722311,2.5504346075055704,0.0
-0.22217350776449235,4.165770309943845,0.0
1.1061391840483497,3.6501440673053382,0.0
1.0696922423329167,4.040072088376497,0.0
0.9572484512046376,2.3515045139194806,0.0
-0.2027884140923945,2.4257665085765514,0.0
-0.07149742591392888,3.481784758166512,0.0
0.057521733129591815,3.180752377103145,0.0
-0.049539553968109606,3.568588022875706,0.0
-1.9617772189070564,0.708460925531313,0.0
-0.2336084221114223,2.038484081781471,0.0
-1.1579192465796195,1.6129539483863942,0.0
1.4216579054299607,3.390407813937289,0.0
1.0699606561089012,3.345349797387076,0.0
-1.4391985727541967,2.8766305019087777,0.0
1.4603743513438447,1.8767619585414759,0.0
-0.4946546551759166,1.896104977395087,0.0
0.369684758832178,4.096101587424596,0.0
-0.5008161045019295,2.328905545584555,0.0
-0.26027248926708246,2.4992359545286282,0.0
0.0819573502698108,2.699463716989181,0.0
-0.41248921550021533,1.3542882882921408,0.0
1.5668459387955807,3.923513862388342,0.0
0.6057545067631681,3.376926887912996,0.0
-0.5217050021143163,3.8834874240822597,0.0
-0.10918560957348522,4.304481390558457,0.0
2.0446491830139477,3.3638462706275103,0.0
0.05261705587834328,2.52577146784603,0.0
0.38884184808430033,1.6348060630277477,0.0
-0.6354408430372324,2.919336908145819,0.0
0.36044768892279727,3.00081853832711,0.0
-0.7932476347734079,2.473200082651288,0.0
-2.460978430288934,1.877390772834581,0.0
0.20600389792935503,4.305797702077634,0.0
-0.20139706971664695,5.291524134445048,0.0
0.3326149589573809,2.7335980431624947,0.0
-0.21332012400509132,3.0286834744460975,0.0
0.5056475870091057,3.0143918418001046,0.0
-0.48051720403035536,2.2870870975254878,0.0
2.0037150372600747,1.7737161259873788,0.0
-0.5326724965131042,1.5745781474991432,0.0
-0.8919649881763462,2.4782342921432785,0.0
0.4027071599869473,3.227087048051069,0.0
-0.29537705542773457,1.9635300966816012,0.0
0.47908569265943324,3.813658882589898,0.0
0.11307747687654707,3.224973591375823,0.0
-1.507618583160757,0.576727402178645,0.0
-1.7469216712067457,0.47948146061379315,0.0
-1.1685733959294289,1.6201280475804913,0.0
-0.02408675851342565,3.5077420981912044,0.0
1.9160605465284697,4.156516171968065,0.0
0.8005164844793402,2.3979139552889874,0.0
-0.895857346195058,2.0625307541220685,0.0
-0.6938879988668182,2.9511060379313103,0.0
-1.8026493865618891,2.6084793483872324,0.0
-1.9561349459796185,1.8323619118261307,0.0
-0.07977049283500989,2.569474262947735,0.0
-0.8668179909574795,3.6265847520767425,0.0
-1.3602445395475806,2.3016722472775943,0.0
-0.40531358713519994,0.7226834489149225,0.0
-1.0836825159842645,3.358812126085753,0.0
0.8924114203200393,3.461631965665795,0.0
-1.1264407856826317,0.8976991485011205,0.0
0.30054871598287153,3.528274722218947,0.0
1.2229675128623483,4.479308853401238,0.0
-0.5408936405277049,3.5792937845908055,0.0
1.943743503363482,3.573383675393603,0.0
0.9633172213467898,1.041910146784425,0.0
0.19852768864119863,3.046968395449372,0.0
0.6471452107295136,3.5708353062880156,0.0
0.5949549353321606,2.8386538198630142,0.0
-1.8546978371750655,0.08794843159407595,0.0
-0.2989357349960271,3.2225737339486917,0.0
1.263432745272106,2.0812650270421535,0.0
-0.05370298676253171,3.4211756343326507,0.0
-1.919731145905891,1.1569330179998023,0.0
-0.5539517097989812,3.524087959765504,0.0
-0.9063101844604369,2.368975763958483,0.0
-1.5519491090889936,0.2972674990154167,0.0
-2.099368739471458,1.425067865865025,0.0
0.9001369795573169,3.5073905833154426,0.0
0.8241337744497179,3.2853426047244576,0.0
0.40719743946665304,4.137064265061944,0.0
-1.2045765092948113,1.9395848546847536,0.0
1.1172447359376103,3.7689144331664512,0.0
1.1208138855907248,3.0715896131349996,0.0
0.8019696323669401,3.4664926854220157,0.0
0.1010739819400418,2.867978875826531,0.0
1.5733035059047773,2.8420305889411797,0.0
0.8568731926090042,3.4779734371810784,0.0
0.13501156490659033,3.5138364094351386,0.0
-1.1836416843310733,3.291681239333758,0.0
-0.13940492772473045,1.9606908674266916,0.0
-0.3237446031157748,2.548360866620141,0.0
-1.6007889976114067,2.144984894947706,0.0
-0.6760752186145631,3.194040460021691,0.0
0.35498248301183477,4.534174774791554,0.0
1.1032923736416829,3.6615656100896476,0.0
0.04363139359203824,2.6467401213393833,0.0
-0.5173419229889944,5.133107917555591,0.0
0.7405333197140298,4.049092960868192,0.0
-0.13786201215996013,2.1185354446981783,0.0
-0.21510471972403386,3.0804376915924045,0.0
2.1206126823799525,1.8927745641064253,0.0
-0.41954859983369003,2.5220685861605707,0.0
-0.6024433348673897,2.7019242512484176,0.0
-1.19251821511636,2.2432938689856865,0.0
-0.6665879824582425,3.185251768449132,0.0
-0.14003875120036868,3.118148614501545,0.0
0.46771359990095224,4.4642884106664855,0.0
-0.6944472143137049,2.79492042678546,0.0
-1.7255861078420511,2.6783692855970758,0.0
-0.2181536095757488,1.5414803962555308,0.0
-1.735272159271054,2.3499040228018573,0.0
-0.8427278702529897,2.433324544837017,0.0
0.37180637271927985,3.202482943530123,0.0
0.40570981738657463,3.5211586491433966,0.0
-0.058451959112953644,3.8284198897422232,0.0
0.4791788617659125,2.7839802272709306,0.0
0.4473255165971553,3.881189567913354,0.0
1.139184060716411,4.84553400355647,0.0
-0.44613128614062303,2.4887272248534877,0.0
-1.4628249862212634,1.8786269888940463,0.0
-0.11248440873670101,3.5639894628097326,0.0
-0.31059068196586304,2.552851017208413,0.0
0.07503355913222964,2.311448042993389,0.0
0.7959822077663561,4.524578174634023,0.0
-0.9551443993576001,2.7344577020992142,0.0
1.9641547362050744,4.52427211828093,0.0
0.11938308663445929,3.6673135421148566,0.0
-0.2735993693827551,2.1349114850156123,0.0
0.28243392616957713,2.776268762134233,0.0
0.2210480226276509,4.745345166361072,0.0
0.28265471683322524,3.679239689494723,0.0
1.3548628128525326,4.114608812415257,0.0
1.959270745737761,4.231570191026304,0.0
-0.13592170751814658,1.5949073983366955,0.0
-0.5403884124980758,3.1880765811533625,0.0
0.21772428461589288,1.3954495604507484,0.0
-0.47845949420680056,3.1045799318271703,0.0
1.3989288325575153,3.5379393287184877,0.0
-0.5838156356685862,3.230998923043256,0.0
-0.563049679169692,2.2587207077713543,0.0
0.34273770827559447,2.270175923866382,0.0
-2.2722967765682913,1.4366851668930147,0.0
0.13157608924127062,3.420261149767724,0.0
1.0374792084069957,3.63497734396213,0.0
0.13881017556830244,3.68273579176089,0.0
1.4737118252641936,3.9230698626237626,0.0
-0.0178317056274489,2.191452824222901,0.0
0.14117510486484536,3.6966910613617054,0.0
-0.03927782496368026,3.757315631170073,0.0
1.3567980134395883,4.287292805525578,0.0
-0.8525311144543702,2.030294407549344,0.0
0.19118478900275293,2.9135425254848233,0.0
0.6535257301475683,3.016903437644192,0.0
-1.2799982409773458,1.8317464996606079,0.0
-0.7270943337556328,3.200121170827647,0.0
-0.6854713460441992,2.681459180038648,0.0
0.9527055319789148,2.2428488206211146,0.0
0.9529862632206486,4.9442100797243524,0.0
-1.4488836964201046,2.123116472743437,0.0
-0.3677493285445056,2.7948179437475975,0.0
-0.30237077108038163,3.3726705081834853,0.0
-0.3608701961768162,3.5237996689090956,0.0
0.08459131042053035,2.9655286043082763,0.0
-0.9981696516276041,4.3455201017132055,0.0
-0.12055293835835673,3.0783160417151834,0.0
0.5007891046218766,5.104986390258542,0.0
-1.2754556592669002,1.7634651737775968,0.0
0.25983673841604976,3.600849230425844,0.0
0.294535756744401,3.4569134353002138,0.0
-0.24173762694996648,1.6961071709753057,0.0
1.09405133995461,4.076213565565679,0.0
-0.8652123614750874,1.4563541157651818,0.0
-0.547568624197557,3.343878390987498,0.0
-1.1331260207325482,2.2076193683355925,0.0
0.6041194411383983,2.876623976431471,0.0
-0.6791734335460244,3.112648436132564,0.0
0.4122628728434234,2.265945469912614,0.0
0.7958263051889385,2.9674301639836864,0.0
-2.1239857784840352,1.703851240221192,0.0
-0.6374791367328289,5.3512299093749895,0.0
0.8621517930356833,3.661177002529966,0.0
-2.5074970698596792,2.662831138199521,0.0
-0.23121951223321757,4.561304266297203,0.0
2.093385990879865,6.264871496504869,0.0
-0.2385323145895672,3.626007937651544,0.0
-0.043639273841055815,3.667230960700658,0.0
0.987176676940049,2.904689975536609,0.0
0.9222383278081209,3.7883921589667207,0.0
-1.399327900898995,4.121940664878059,0.0
2.1819374861153236,3.537741934593746,0.0
-0.7234750951665452,2.3001668211860977,0.0
-1.039448351192441,2.3486830315556535,0.0
-0.9521092226947591,1.9157564146735637,0.0
-1.1390946281880623,3.731182902387933,0.0
-2.023116024751316,1.0217096243622403,0.0
-0.2044580452892789,2.7984873828171484,0.0
2.0086287456155745,4.590328292566096,0.0
0.3070518473406779,4.517667483600295,0.0
-0.38991274680884647,3.461796315837505,0.0
0.830888662151235,4.741791632407579,0.0
-1.5721628186861378,4.7078935102384865,0.0
0.4102625499826478,3.6166859968805216,0.0
0.529419052316994,3.1588660679444547,0.0
-1.0202675078305117,3.037870462855361,0.0
-0.40070384760774663,2.0221095654902945,0.0
-0.33318845902722255,2.7146212490637582,0.0
-0.17197591751264568,2.9009584821613466,0.0
0.9017383719395434,4.0032210897992435,0.0
-0.303947973892195,1.7241379071166365,0.0
-0.6658416990256043,1.6623374345466149,0.0
1.1251855179751,2.418066909752671,0.0
0.7870860779302727,3.515099012890717,0.0
-0.3610493210090361,3.4699872127112426,0.0
-0.25997005017073704,2.3119983263943777,0.0
-1.111472658215324,2.508140401760286,0.0
0.35446491521613205,3.373254730529215,0.0
0.18516055739005718,3.583471912701502,0.0
0.13532781145669814,1.7393411660410878,0.0
2.4147484537268187,3.8394357115810998,0.0
0.3891052546243515,3.003312886286853,0.0
-2.0476880524373406,1.014146241697127,0.0
0.08449195942074073,1.7907831599794009,0.0
2.7517059075184527,4.213106705660158,0.0
-1.236902857956154,2.1332482738641594,0.0
-1.066619308118698,1.1068357014452976,0.0
-0.337512223210402,2.5610545054903113,0.0
-1.4959636570256518,1.6564787031300978,0.0
-0.1909684718562512,2.885101098027496,0.0
-1.7804396173292512,2.7379184195498114,0.0
0.26985623436096073,3.997168274100693,0.0
0.04546562282040009,2.490085948376176,0.0
-0.8125951749710276,1.7104252048126856,0.0
-1.8839049035895226,2.5195170122615034,0.0
0.15670460987668208,2.9148581726895677,0.0
1.7101742999557379,4.686482485772011,0.0
1.478233646188042,2.7124693682718,0.0
0.03774394451212151,2.8682219649015446,0.0
-0.8342265998965661,3.4533804889907156,0.0
0.439569142883566,2.5995493119795436,0.0
-1.4884316490108085,1.5611954307819318,0.0
1.527269344950029,3.4377767908496923,0.0
2.438730064226823,3.6272482655262577,0.0
-0.44962069864236764,4.371943150602774,0.0
0.2751509573337023,4.495019288796453,0.0
0.5913847046221274,3.082936413593542,0.0
-0.5749545928058788,1.724876272992366,0.0
-0.3398480689285655,3.2736922900954752,0.0
0.5670223824435326,3.9296028492748203,0.0
-0.2688440070093071,3.996908956629539,0.0
-0.12578188036029458,3.1998785525551265,0.0
-0.046484606915102755,2.4010898334336597,0.0
0.28068850941691026,3.6438425040455766,0.0
0.556740921258077,1.7642116753646158,0.0
1.2849411412135339,3.301549539252291,0.0
-0.492088717612289,1.9805652916126695,0.0
0.4769471136481713,4.017876866828351,0.0
1.795279888153207,4.801201164142183,0.0
0.5864749831861167,3.597164785957774,0.0
0.0791373888654458,1.9706852391384124,0.0
0.45675239506951265,4.4507141889782345,0.0
-0.5131309451444904,4.236977077670806,0.0
1.0279800494271585,3.4518369725082723,0.0
-0.456215855665968,3.0254481056249984,0.0
-0.5001332229822749,4.614461805179223,0.0
-1.082482396757585,2.224921938171536,0.0
1.917782528635897,3.0734944884951108,0.0
0.17694559434709614,3.533466187652381,0.0
-1.692467375088146,2.5311842210115922,0.0
1.28096053200704,3.705412467419639,0.0
-2.732758650495734,1.3392094778743164,0.0
-0.0515778234005001,2.195388343056816,0.0
0.26361593330391253,2.2759733446331745,0.0
0.17362962433943052,2.5647230751087253,0.0
1.0394304093962035,3.7502236299289633,0.0
-0.8805334752285074,3.722858556622701,0.0
-0.7804078330673215,1.429439395760026,0.0
0.6585168793060363,2.6637533135096745,0.0
0.18906890213309546,3.1277136865727377,0.0
-0.5057557920358663,1.8987399944365397,0.0
1.3738171725887038,3.992981493707551,0.0
1.0426419835785783,4.048461839180461,0.0
1.0123504618570514,4.280123088278787,0.0
-0.774944910161744,2.964349957798442,0.0
-0.9328672260927,3.39356265457752,0.0
0.8466317245746366,2.520896099813644,0.0
0.15871616932971844,4.479581628532221,0.0
1.1603700179430096,3.268205830237924,0.0
1.0886582057264251,3.141624330847926,0.0
-0.4538517950178368,2.934582585028858,0.0
0.13622328237651724,2.816017487424952,0.0
-0.07841028952562776,2.7043895707609704,0.0
1.661165030054132,4.232883996010324,0.0
0.395839486297659,4.107096095262633,0.0
0.5172404471913505,3.016421551440178,0.0
-1.5514930331875068,1.355890593046283,0.0
0.051575384465461616,3.668017370743455,0.0
0.20978666097087462,3.204962215715972,0.0
0.5541708618978398,3.2258444666987574,0.0
-0.6842331385079187,2.1187227028758397,0.0
0.17913459574013157,2.677713893631799,0.0
1.625065605506878,4.5294644409487095,0.0
0.3357890434660884,3.7070874157723663,0.0
0.025061291813197273,1.4707615090948554,0.0
-0.744240741571536,3.1142667150154146,0.0
-1.506172797627119,3.228511507675552,0.0
0.4703654203944317,3.037241073277687,0.0
1.6653132982119,4.906010515231083,0.0
-0.24777950182599007,1.0432510462438083,0.0
0.8435473138292442,3.539984977672766,0.0
0.3348163371877612,3.6798578445632035,0.0
2.552733471892747,3.3146114675336102,0.0
1.703620313127511,3.5527004371690865,0.0
-0.10493542982277637,3.95157509512634,0.0
-0.28967858760773224,2.4847483031009894,0.0
1.4547096323025168,3.524541456700166,0.0
0.5266614121535395,2.7333811708822786,0.0
0.4660260253243229,3.7272637251363463,0.0
-0.011636006095570584,4.556383207641499,0.0
-1.037293719235683,1.9407119882079535,0.0
0.9458290948194195,4.637555755673846,0.0
1.2873235505428648,3.563709039777054,0.0
1.700323389225007,3.9373097134830557,0.0
-0.2281821731315527,2.1631019444428556,0.0
-0.2653007271007551,3.4515784279773114,0.0
-0.4049300081506987,1.8477461509960293,0.0
-0.8348601156995942,3.5433458374807314,0.0
-1.1881122844962502,2.1207407956937394,0.0
-1.2526873384986383,1.857941233079947,0.0
-1.5560509475152624,1.3637061563016286,0.0
0.04501471131896673,4.183354087902686,0.0
0.04647386238293407,2.868180481100944,0.0
0.9429489312102415,4.4916351512432735,0.0
-0.585077918333525,2.185375985246467,0.0
-1.035448609530016,1.2488040976161965,0.0
0.8722354519910123,3.815328107840952,0.0
-0.6519908539924693,2.1301640583103563,0.0
1.7627037761097524,3.573849154457656,0.0
-1.5040696134580864,2.3811479447887525,0.0
0.05109433629993876,3.7885180948855774,0.0
-2.429160106699742,2.9003593716536438,0.0
-0.11140730782854222,3.425830011797703,0.0
-2.331443685854643,1.1638545748541507,0.0
-0.4441876522551938,2.1684614332224337,0.0
-0.17609192708849936,2.989791229385613,0.0
-0.54506093837797,3.7686789718213194,0.0
-1.4950526068011363,4.1704580375585465,0.0
1.5571813552508884,3.5867665361906074,0.0
1.0180842662994458,2.65560604076855,0.0
-2.054926996554869,1.1950747396176458,0.0
-0.5240331828432739,3.323880200687434,0.0
-0.7853897073650358,2.1774796257721785,0.0
0.6181677114398778,3.1515270364997066,0.0
-0.8342234829765338,1.4598185272437683,0.0
-0.42390699834161083,2.715568222889483,0.0
1.3398627483327559,3.741412426658947,0.0
1.9282405620213012,3.3370251911376947,0.0
0.5540892539148534,2.999206085382225,0.0
-0.6223865587495171,2.6169175288727344,0.0
-0.9750671563218365,2.1384910025945647,0.0
-0.5932790829309074,2.4117674260984194,0.0
0.952540160289087,3.389689929327782,0.0
-1.01261710914152,1.80986101159517,0.0
1.1348230481402692,5.694203816241768,0.0
1.4580890259616144,3.8495605147360217,0.0
0.6256979509011811,4.163083382899466,0.0
-0.08786616338138273,3.294926177948631,0.0
0.3475335254924379,2.886278071652988,0.0
0.9307033459365888,4.723733104243755,0.0
1.433910091854635,4.378614770860932,0.0
1.6752670038417694,4.386441374821511,0.0
0.1418536695141979,2.885842234619049,0.0
1.1560479486358783,2.7216547462557186,0.0
-2.3463493933678423,3.457933931194251,0.0
-0.31558522367269304,1.1751099642380731,0.0
-0.217071697439998,1.718290544455234,0.0
-1.2138073558539815,3.354310537741875,0.0
0.47101941557948823,2.9009929664803127,0.0
0.26283276015300516,3.375333566821307,0.0
1.1361710673506205,3.5515765626852547,0.0
-0.4976056357841533,3.5905979004646777,0.0
-1.449939023161038,1.9804444335947022,0.0
0.7895334288743702,4.012251808589905,0.0
-0.8483151208947597,2.9250881410633336,0.0
0.3796620983186158,4.195419894118756,0.0
-0.8559940798037555,3.9896034890166714,0.0
1.0310418480228232,3.519421874535063,0.0
2.392217270604804,3.9566202432768915,0.0
0.8172923560035386,3.594181771272211,0.0
-0.3253412388144189,1.6993490127371107,0.0
0.9703131084736439,3.7333288439446344,0.0
-0.07772420248396257,2.9688768953429223,0.0
0.9955679390492268,2.9173515008565984,0.0
1.0394080551006577,2.2167481940231197,0.0
1.1753263465462442,2.9486501120492647,0.0
0.09776989893755814,2.8978534596820866,0.0
-0.21371817668059848,3.3470892224774795,0.0
0.28111592224271065,1.6938355477634208,0.0
0.9598556767784014,2.4127445936807606,0.0
1.2888801888145107,3.2600497280500815,0.0
0.6931718109681932,3.168840110107684,0.0
0.8040083594492963,3.7984225857469323,0.0
0.4866797591613675,4.363682702513275,0.0
-0.9108577157380547,3.2454416300522237,0.0
-0.07291539015887527,1.1740013261440427,0.0
1.2955650909637293,3.238471975858756,0.0
0.10748726175709411,2.3700042918141073,0.0
-0.49346305439489335,3.639155287938448,0.0
-2.0066853222469465,2.952384911605541,0.0
1.9427019975295892,3.6963745785233906,0.0
0.6370611396222093,0.8929707823308073,0.0
0.1014037371432226,4.2317544948995565,0.0
0.9486907990527789,2.3124600835102447,0.0
0.5985980322160775,4.05555897221538,0.0
0.5759104286926786,3.100383207346434,0.0
0.5128157265590869,3.1075818600084717,0.0
0.48070710378147696,2.319247068304736,0.0
0.5336485458612223,2.1912317987615704,0.0
0.03783670009333709,2.807939679371613,0.0
-1.22576192278517,2.3847901515676675,0.0
1.3459388203786136,4.014024246477195,0.0
0.4479779776767474,2.6345489899760284,0.0
1.474980077646911,4.059264682167103,0.0
0.14198900296123096,3.352068615546681,0.0
-0.05029369262273439,2.631847586796254,0.0
0.31288086844377755,2.5432868078938298,0.0
-1.4974790988217133,1.2786012637052948,0.0
-0.22854987586947695,1.9232696458424037,0.0
0.9317203624134983,4.363527077276095,0.0
-0.2235589999289308,2.2659187201973046,0.0
0.10295780028203128,2.1814800928868996,0.0
-1.5011286205150693,1.776694061354983,0.0
-0.37496492965384476,3.5546848820272774,0.0
-0.6872678698320254,3.273972504777324,0.0
0.7128407908249859,5.372240864532018,0.0
-2.254439696358672,0.6152573316922765,0.0
0.0028452356663774825,3.4030022547335546,0.0
-1.9097930631531583,0.752984967611587,0.0
-0.07520301721758832,3.3372763775459093,0.0
-1.5442560696058438,3.523364557198069,0.0
-0.6050697109252277,2.883298437192722,0.0
-0.3251176384661019,3.0845227529513544,0.0
1.3423932612220266,3.502938972594648,0.0
1.3734978678591598,3.8848888171669964,0.0
0.28254601839315363,2.6483777317445836,0.0
-1.821690349695238,1.8872177401857755,0.0
0.6893694009081867,3.783365035434974,0.0
-1.0765558375174915,2.341163126493942,0.0
0.05164747908467254,3.3913807997234824,0.0
1.6634764835180236,2.409285265795266,0.0
-0.11303901419787599,4.1341350178989265,0.0
-0.44312542926907816,2.395634799712663,0.0
1.018653621264603,3.639253802472896,0.0
0.7747196496344826,3.2250512729945022,0.0
2.3358068245890733,5.336680060929021,0.0
0.6872812195102844,3.9938048121126135,0.0
0.7197788858180534,2.5028731045126884,0.0
0.7333765162328046,3.880825775574305,0.0
-0.2593658333242611,1.8541483803216399,0.0
-1.468294721397331,2.246428875812977,0.0
-0.8381197789261143,3.5896395361833022,0.0
-0.013257968352409888,5.2106094603581266,0.0
0.6725803633247217,3.454845374991564,0.0
-0.306372973313963,2.7543931272531803,0.0
0.008029967058871351,3.3298152658307187,0.0
-1.8358968544859424,2.337642916246638,0.0
-1.464724360196799,0.8754773461014671,0.0
0.24737457700361765,1.436493948735004,0.0
0.7582114783345573,5.423924494837671,0.0
0.13043598065649542,4.277266419272149,0.0
-2.12735159136828,0.9066005718536307,0.0
-0.14666580177549804,1.550498822755273,0.0
0.00908951759861254,0.8533054856951896,0.0
-1.0574020390664758,2.3136832334237316,0.0
0.9055374716551043,2.4850387352200993,0.0
0.09305116475060086,2.73776912912447,0.0
-0.9769245782423257,1.0755070726619809,0.0
0.9071609566323438,3.5701382064255482,0.0
0.37879748588418183,3.899215171833952,0.0
-0.7080486084596886,2.103729107724752,0.0
-0.7517039963813392,2.887091380408737,0.0
-1.8223489766888539,0.941327335634941,0.0
-1.359940096901038,2.0759165257647565,0.0
0.16731832162681964,3.3767742387195963,0.0
0.0425044421825958,2.440672015409033,0.0
1.6864620549293492,3.5393878456734926,0.0
-1.522906175003366,2.613323110937127,0.0
-1.348489367040391,1.8559618573697785,0.0
-0.44055964416657567,2.461174693043361,0.0
-0.21290568878485894,1.8660306861136373,0.0
0.6533946128548787,2.4759777448055633,0.0
-1.0887607110180673,1.6201418359096174,0.0
2.5723617106758647,3.6911922296359485,0.0
-1.6522922038730996,3.679705597673091,0.0
-0.10978969832975527,3.4055165711619084,0.0
-0.6286839841399882,2.2284773710773558,0.0
0.4493884572391137,5.358352168359449,0.0
0.12430057414562085,2.0986111196263812,0.0
-0.05086616467843652,1.7993073718881303,0.0
1.966425139159007,3.917021422617635,0.0
1.9111108193740858,2.9088097856196744,0.0
0.9452840435801522,3.7671517774149863,0.0
1.5485030618000817,2.919260314665331,0.0
1.0071493728885574,3.6022088222955206,0.0
0.4621709612480685,2.850737076618902,0.0
-1.3894125021968897,0.9571738771059195,0.0
-1.0509328327467122,1.6952523062761427,0.0
-0.47138952395637845,2.9806721511116105,0.0
-0.6120791713618119,1.1388449633831845,0.0
-0.3687789180826587,4.266656068469848,0.0
0.2163512105575388,4.727642469622632,0.0
1.0361428149755745,4.433128949762029,0.0
1.851488852177429,5.449203914337044,0.0
0.8147190663153427,4.504779667253919,0.0
0.04469271767165012,3.7550844696586254,0.0
1.3229827923276525,3.8957279328255083,0.0
0.6281884247196932,3.4643233592947285,0.0
-0.443674393961471,3.7193057451422655,0.0
0.3897953130918713,3.9555694312334113,0.0
1.1850569481651496,2.684501078251116,0.0
0.03847575712025275,3.6782291993609997,0.0
0.11482170454340912,1.3519037668531049,0.0
1.5179193584129844,3.6607874507387907,0.0
-0.24112216929432828,1.7304137010044935,0.0
0.4296743071501017,3.500624390790624,0.0
0.19840437257061178,2.7347364517207144,0.0
-2.3801762690960255,1.0346974326378755,0.0
-0.5970264144756732,2.8324946806957696,0.0
-0.3346564131409112,1.0854785398508822,0.0
0.7149460406192597,3.1988106694947565,0.0
0.6222889653248651,3.980640077548757,0.0
-0.7510263250304843,2.466335630525904,0.0
-0.5125896740888691,2.9022521101783103,0.0
-0.8693322207436284,3.1385165171738065,0.0
0.27377643744951663,2.363669935154053,0.0
1.8394848322767665,3.89031704102554,0.0
0.2882790026889691,1.986583117067181,0.0
1.8817684824522014,3.334450755394624,0.0
0.9809495124625147,4.657553360700466,0.0
-0.8985011596703795,2.6834179821609854,0.0
-1.1879075584633958,2.007752514820205,0.0
0.2197606309139285,1.4638266908288016,0.0
-0.49330865174089966,2.7982485676106768,0.0
0.37847455092616333,2.463299227339613,0.0
-2.6854066685363973,3.3242499864973896,0.0
-0.18495400859686187,2.845500944396138,0.0
1.0062209389038825,3.374509326988517,0.0
1.526260800597151,3.3549022914066002,0.0
0.7823547844964179,3.4676465132620375,0.0
1.401041567203373,5.262053678999889,0.0
0.21301593085141574,4.022004993567462,0.0
-0.10767730101690942,3.7317508902957863,0.0
0.4410469880639151,2.6592395260145936,0.0
0.3919038069271286,4.213475589273171,0.0
-0.706480483387478,2.1616177225811555,0.0
-0.39563655988482993,2.6480172646255595,0.0
1.049595027451153,4.269130807652625,0.0
-1.140840584940572,2.3136304785748836,0.0
0.3530081595918652,2.470257069404909,0.0
-1.017981347555287,1.8748464984688955,0.0
0.0667528420771033,4.972001935365861,0.0
-0.5113351888710473,4.354317785832979,0.0
1.5020288571117533,4.157834676899498,0.0
-1.3447240373241502,3.5316059808855758,0.0
-1.1221321693997512,2.7189749213288503,0.0
-0.22024610447593412,3.7048163223846995,0.0
1.347641179979183,4.194137736851329,0.0
-0.10253196091402872,3.7328975487805156,0.0
0.33611840076855015,2.5759263449195258,0.0
0.6077300542732771,1.674083180618418,0.0
1.3218727279561904,3.7397690817006817,0.0
0.2874337489416154,3.3494947336169436,0.0
-2.847182037839379,2.9414054867963992,0.0
-0.3291747188571057,2.5187591102152926,0.0
-0.3799258414746476,4.674431817062775,0.0
-0.6397371277593257,4.154721126293732,0.0
-0.3889457520371351,1.8370341842115678,0.0
-1.1714820099659626,2.292375423426207,0.0
-0.1256735971434116,2.1336370060937364,0.0
-0.4819528142423888,1.8021547978121373,0.0
-0.4661945031098995,3.8264045023080433,0.0
2.6561485412750785,5.335633097519657,0.0
0.41218435603271514,2.6410467217278795,0.0
0.10690251327524425,4.267260584432565,0.0
-0.47357017579850164,2.4253836763844103,0.0
0.09771298883204049,3.808592637971131,0.0
-0.26969473672067557,1.8573445435142946,0.0
-1.4327576404864106,1.8828752582992705,0.0
-0.6778284230405955,1.6340846474813113,0.0
0.8077752788257434,2.133394077254677,0.0
-0.1811322413421145,2.820708967700254,0.0
-2.099379508553202,0.5427739111674508,0.0
1.0866045964813766,1.663452173263914,0.0
0.9505809323498412,3.4083179588920234,0.0
0.5653661221018671,3.8431601189668267,0.0
0.8692144325258093,2.7848090200439826,0.0
-0.5245417448281978,0.4897381526643385,0.0
2.1992829964226077,4.651748131462169,0.0
0.8511915248322778,2.4532847625482233,0.0
-0.49206618327463375,2.5311209952323033,0.0
-0.9033760602164738,1.2256143135734185,0.0
-1.4632377113878923,0.9850072905693983,0.0
0.8915668224250812,3.380713458599563,0.0
-1.5289443701803225,1.3014074243076996,0.0
1.1011243650719327,1.9594953016756238,0.0
-0.7343351671171868,2.4459479558684505,0.0
1.5574485684210206,3.656647162767892,0.0
0.10523349665607044,2.8109859527954333,0.0
1.5479393428435158,2.9060393548792716,0.0
-0.5456449883094442,0.9935867582877078,0.0
0.36905437096811466,4.447869145440945,0.0
-0.8165529588558492,2.260227517122456,0.0
0.34221001818402597,3.966889468835294,0.0
-0.1492231578583584,2.480246635780329,0.0
0.39898080661966917,3.3264255581942397,0.0
-0.3199778708250196,3.0042905157432407,0.0
0.4814312910584637,0.7192314780852351,0.0
-0.4499437168168213,2.893786025040091,0.0
-0.15950200444374094,3.040573314458387,0.0
0.2787966865294881,2.097177845583138,0.0
0.5644944159703393,3.393438284789582,0.0
-0.6374644419021687,2.8505500753919155,0.0
-0.16000971146487108,3.58123363948059,0.0
1.1386067034962053,5.255836808573779,0.0
-1.1053540885722961,1.7177151579000196,0.0
-0.7480382876713023,4.390810658125268,0.0
0.827060285467182,3.682467667469505,0.0
1.1270996516168676,3.5245849319962774,0.0
1.9339733007092932,4.8485972004261235,0.0
2.504522133465647,4.909156208946072,0.0
-0.16007762546249069,3.068973707438011,0.0
0.7737093412436898,3.8816527038296393,0.0
2.005422651028642,4.082324070866447,0.0
-0.3248237457043185,2.6473642163517175,0.0
0.13271184117415985,3.060000975923506,0.0
1.5536838071004495,3.650761371028478,0.0
0.9420107692849837,4.706530410006757,0.0
-0.40814331002810245,2.904819045159801,0.0
1.1041733739102684,2.782252840051597,0.0
0.7224142139374035,2.9495330631578254,0.0
0.7774111487936213,1.579877807893811,0.0
-0.8973946994820409,0.9658691675316251,0.0
1.373991463246761,3.8951929803302687,0.0
-1.022315643463124,3.1688195597203266,0.0
0.9310199406365469,4.567820722722718,0.0
1.3179632083566701,4.1578692957041286,0.0
-2.312690772274364,-0.1306695339191135,0.0
-1.0841855630924067,3.3187114973384353,0.0
1.8377143691036433,4.1700340145601045,0.0
0.7481194998806846,1.7875094535376557,0.0
-0.28871152156061347,2.627594678833234,0.0
0.17221473189801517,1.7836406244467244,0.0
-1.0651398559768608,3.0121601407634353,0.0
-0.02584547020577943,1.7643904302246636,0.0
1.0570617703715415,2.6989443759689786,0.0
-1.2996439252904224,2.3758900402532106,0.0
0.960774708316442,3.116046117900828,0.0
-0.14000550437077047,3.415193324697044,0.0
-0.13823989389625238,2.4984231607574094,0.0
1.3697957265713006,5.314191459635001,0.0
-0.20288951300625213,1.595794468682967,0.0
-0.039706507153679294,3.7886339131966307,0.0
1.7199142289163305,3.704269334590481,0.0
-0.33811747953177584,3.693266774933721,0.0
1.4244661155447154,3.520734404543262,0.0
-0.6032160181477976,1.636813783756572,0.0
0.2797441485582809,4.939513884361987,0.0
1.5206157767911996,3.351291167522966,0.0
-0.24225813936278828,4.482653335670395,0.0
0.35237774732551297,2.9758557384150337,0.0
0.08108914834740677,1.7797798175014947,0.0
-0.2706191460726408,4.506953179052305,0.0
-0.35870648181417186,1.4927465280066714,0.0
-1.223275158371533,1.240230970422754,0.0
1.5978825692003467,5.422820493668947,0.0
0.5092111068212226,2.616915809134795,0.0
0.5499181046795899,2.402258072647804,0.0
-0.22514902073012133,4.9586407473479035,0.0
-0.9488067095346849,2.7828310236456035,0.0
-0.6242604887017272,3.0037312762778643,0.0
0.30765707279230614,3.0873209818928755,0.0
0.36639473387000615,3.2832839117845096,0.0
-0.38986783586356216,3.9260267783503675,0.0
0.8303237028412455,1.6919677386374001,0.0
0.5464504761508632,3.9791618180339796,0.0
-1.0457677515283668,2.9049622566522677,0.0
0.14897985716649292,3.9693115665373435,0.0
1.5044761242315283,3.25925225523629,0.0
-0.5235377849180067,3.1086282714036315,0.0
-0.3283711250014386,3.3006254531316093,0.0
-2.100013242238578,2.6407737922290497,0.0
-0.07674828161971192,4.174335104969975,0.0
-0.1355595141788677,2.628677145748184,0.0
2.357443767795423,-1.0638288327594627,1.0
1.3474171692658903,-2.7587359809353624,1.0
2.494627564506808,0.6100197861412012,1.0
1.155930919768734,-2.280678211288402,1.0
3.9567261734801127,1.279767820469774,1.0
3.464687127729239,0.8643585812655108,1.0
2.037194458113455,0.09248686511253396,1.0
2.895696580260296,1.800630663158414,1.0
3.0955733038245685,0.2135453753913502,1.0
2.461408588126236,-1.993455373182725,1.0
2.084027776852281,0.11765044507021477,1.0
2.601283382869558,0.06696497496123036,1.0
4.1570781305707305,1.3603072963643899,1.0
3.2690898406058775,1.7513084426977836,1.0
3.1634049036246963,-0.05833290304226424,1.0
4.5532995276896076,-0.1263401163762273,1.0
2.8641762969735822,0.9608089293646714,1.0
4.545279901993242,0.9782718069730804,1.0
2.481636084661797,-0.7208349728142203,1.0
1.6777902138605514,-1.0904878338988107,1.0
4.163077262362268,-0.013854582718867988,1.0
4.418842176018774,1.5912554237946834,1.0
2.1003055927670164,-1.187679802561883,1.0
2.1016656434130954,0.19880779482293776,1.0
2.3539447339580364,-1.085039178934762,1.0
3.11525660283935,-0.578249260526244,1.0
1.9937464958836313,-0.4229886824446639,1.0
3.050030888342908,0.4159781122673466,1.0
2.1021186628509456,-1.4475600778071158,1.0
2.569658894255708,-0.08031755508132533,1.0
2.915696374480449,-0.032486883784360564,1.0
3.6235818314852186,0.3354094084305825,1.0
2.7692063220059535,1.245170011839507,1.0
3.278833782750326,-0.12640237558031725,1.0
2.7345259696253765,-0.29013623250410164,1.0
2.086063432733913,-1.469851327173581,1.0
1.9986381510735711,-1.402795013841043,1.0
3.267764967737534,-1.8764473359759601,1.0
2.423858987623926,-0.6650590202168717,1.0
2.834842312903768,0.5188059315147305,1.0
3.165292598962378,-0.20259648399964109,1.0
1.9877043276270805,0.47038488023304703,1.0
2.2498057706321726,-0.860694566108448,1.0
4.085096268638503,1.6237424570119432,1.0
4.509850068136615,0.8745750835750775,1.0
2.3492156540354214,-0.7579971132593174,1.0
3.8988812451154513,0.7593858247491613,1.0
2.7105198629652767,-0.7750696928534325,1.0
3.2690182827628402,0.2781343455904655,1.0
1.3889993581274538,-0.006737089775924176,1.0
3.145677700142657,0.7449628129429822,1.0
2.338023472303881,1.2681801424463535,1.0
3.1853592907828108,0.8617454467218933,1.0
2.232791368970407,0.7740838459857193,1.0
3.85823285481029,1.402244980586883,1.0
4.960348146094645,0.6050373589911794,1.0
3.8101303269632543,0.06295111458290284,1.0
1.4858584274281652,0.048368834953959,1.0
2.6202028968567763,1.17100869581215,1.0
5.18856586492414,0.6503359704479248,1.0
1.8469887316282319,0.16532863632919528,1.0
2.446362817409305,-2.6051524124423553,1.0
1.4207005169442424,0.12623275103924855,1.0
2.743212596936284,0.45699853414406244,1.0
3.3684830321967834,-0.508933779869491,1.0
2.3103244846116526,-1.4250920075194817,1.0
4.050397423140314,0.1864033668628394,1.0
2.3017601387549425,-0.8253425901488439,1.0
2.6277079094518925,1.1095678416459027,1.0
2.8468246481898687,0.9930629865561388,1.0
3.3337009224371736,1.6416081422078865,1.0
3.7500178570218465,0.38488438387379664,1.0
3.2677949877050145,2.124593799090133,1.0
3.0990435502721922,1.7678287180380095,1.0
2.0181011529555497,-0.5427530204067704,1.0
2.9838739162723744,-0.8863596849171563,1.0
2.9479047728308823,0.2731773306320934,1.0
3.7637085006994817,0.23962090708636796,1.0
1.966697439190928,-2.2830089434612244,1.0
2.5767735047122597,0.854419100590885,1.0
1.6860997114574827,0.7946858651609394,1.0
3.3267319415427297,-2.0530193195173094,1.0
2.124644936349095,-0.367138188322989,1.0
0.5545836232716228,-1.8766125239075795,1.0
2.890850282581546,-1.533357626657652,1.0
3.7810272924722343,0.6853325538533556,1.0
2.347468495480611,-1.0296952872402998,1.0
1.8205046553063529,-0.2555659314206115,1.0
2.9186693647669317,-0.20473165889926215,1.0
2.7745090695495573,1.1462886333761093,1.0
2.761438801956846,0.6943531825890081,1.0
3.8202030463903287,-0.0057093151413189856,1.0
3.672170605994112,0.9728203937916061,1.0
2.1618159718910093,-1.1457416654700658,1.0
2.8804100599224336,-0.5445827016399679,1.0
4.037943670364948,1.623073084607729,1.0
3.1306615023383193,-0.9050580484701399,1.0
3.5277486528136657,-0.27666524891741073,1.0
2.7994421540525263,-0.3499324434135411,1.0
3.0615268175601114,-0.8664885579162322,1.0
2.8500669798199563,-1.7568993768264474,1.0
4.652699452503233,0.3303025349577004,1.0
2.7112516374207134,-0.3767553369365039,1.0
2.9911971006594014,-0.38995503568586476,1.0
1.5772535613848773,0.07893172820834587,1.0
5.079336434469543,0.8551554801738732,1.0
3.317896304832229,0.8497084304789134,1.0
3.4151232440296173,0.9051362444942619,1.0
0.7422293502411064,-2.398170918530951,1.0
2.899713266966426,1.025710513415604,1.0
3.5597189768753124,1.63116507633217,1.0
6.096455418331599,3.115683949729892,1.0
3.112419459846141,0.8097972724592502,1.0
3.105928557800587,-0.5409018062924154,1.0
3.315384385466252,-0.7561142375434966,1.0
2.157192016879833,-0.8992599672952412,1.0
1.9500458489968095,0.00043007323185162986,1.0
3.1727215063859284,-0.5681046417322614,1.0
1.888143535205789,0.600328626471761,1.0
1.791215757903419,-1.4333900401941408,1.0
2.978420610351245,-0.7159653727549921,1.0
3.8900021551937725,1.0799058297991895,1.0
2.0767723670697182,-1.2000577170015598,1.0
2.3720762270573204,-0.2277415342687688,1.0
2.393761154222836,0.0905294152659826,1.0
1.4016955718617377,0.23664472034174286,1.0
2.8531162796679865,1.2718834223606459,1.0
1.2817269181960427,-0.47497479363753214,1.0
2.4053779861613895,-0.6932139140175111,1.0
3.87108704500517,0.33549983571498326,1.0
2.698916840552783,-0.24023347553670207,1.0
2.2554309243391137,0.35882788356061324,1.0
4.888264662930249,1.2081616105566417,1.0
2.8493205284506447,0.23829139746836794,1.0
3.4597684286976813,-0.11948340051483881,1.0
2.122254252515608,-1.8720919622391732,1.0
3.942423377939434,-0.01137214984125517,1.0
3.090242275560622,1.2154233741772533,1.0
3.6655893081146727,-1.4693678725497648,1.0
1.4435247098983444,-0.7669095583531835,1.0
3.982820432891432,0.026003907955124864,1.0
1.8989509923659385,0.70250046147281,1.0
1.2581607369375916,-2.4164345335383417,1.0
2.9246283391855923,-1.329321815835085,1.0
2.6576021174157782,-1.437122703732035,1.0
3.399292367365025,-0.3183575603247935,1.0
2.6714372821767864,0.35388074754531795,1.0
2.192243384448712,-2.3694909463392424,1.0
3.380128080617645,0.5746325958125298,1.0
3.610497630234219,-1.4353883627031598,1.0
3.0674485921092796,0.9839271350123354,1.0
2.6406045726635594,0.012233132277255018,1.0
2.519918431341436,-1.0362462475093972,1.0
2.2204810829804957,-0.5945455773810719,1.0
1.3234078824742903,-1.4361397337373567,1.0
3.1999229663506554,-0.9481801363689367,1.0
2.00539439988809,0.6271807733006531,1.0
3.187559843448622,-1.9026627205407605,1.0
1.2322018974900608,0.0683727386366667,1.0
1.8756509544921736,-2.4911450284940764,1.0
3.98965245291442,0.18483668418462582,1.0
4.638371460601339,-0.21747470662807974,1.0
2.0150411246532602,-0.23775320931169294,1.0
1.489927922626086,-0.4702835025304255,1.0
4.915038473520635,0.9014682123490287,1.0
1.914126732614927,0.9429289491205488,1.0
1.3507734925915478,-2.7057067038562157,1.0
1.3578850203274246,-0.8180637790493944,1.0
3.2294334742249835,0.8425727968652384,1.0
3.223592152905367,0.61091003075515,1.0
2.0598058030216486,-1.4505012744815524,1.0
2.9836224228818473,-0.5365452684115573,1.0
3.095941676320379,-0.722695910202243,1.0
2.793661511756464,0.9056136056287246,1.0
5.191500330027431,2.3181210193494293,1.0
2.522129912013886,1.497970231478637,1.0
3.2664395754535924,0.10964293992783981,1.0
2.173730324957323,-1.4897571701629742,1.0
2.8295702013606494,-0.45458300513896177,1.0
1.9053438748221887,0.1300846612146088,1.0
1.5040552900989623,0.6216024618486513,1.0
4.70670903732061,0.9776523096559436,1.0
2.3189243138470426,-1.5770067592510308,1.0
3.5747199755251193,0.32922981097467324,1.0
3.032071037849618,-0.9581994276794344,1.0
2.4881189855838297,-0.6914033782318401,1.0
0.6547256916264979,-1.9471352865253948,1.0
3.276199072595653,0.10396836602461612,1.0
3.002961903808321,1.472440364201358,1.0
2.4780387196108924,0.5659136922577828,1.0
1.5698142785304945,-0.6037008134945752,1.0
3.524396348701518,-0.6940350104520039,1.0
1.959037172846547,-0.07221400226529456,1.0
1.9382212366916356,-0.892894059631699,1.0
1.8284774562638388,-1.0846559452922886,1.0
2.5683014268625324,-1.0517399257509812,1.0
2.5842358665332794,0.4299508674309871,1.0
1.8875579048787976,-0.11997220140974596,1.0
2.6282427723562725,-0.9496999554891907,1.0
1.8004968774546648,-0.733172083315759,1.0
3.7242108136067484,1.4726661566443262,1.0
2.7429629469432704,-0.12398445526484256,1.0
3.011408539228309,0.3233977616557802,1.0
1.902115275677374,-1.9946046636489176,1.0
4.487375911325001,-0.357556429351493,1.0
3.3494431688643935,0.21416087622500532,1.0
3.9669145049697967,0.20117359480171856,1.0
4.844509988293728,-0.8325024674208769,1.0
3.38999010848467,0.17081974681996043,1.0
2.076474679493905,-0.23487864394274607,1.0
2.8865092456254464,-0.30234419613385943,1.0
3.055845147967333,-0.2277105422199251,1.0
3.575686043230901,-0.9495870855948719,1.0
2.8761658502894427,-0.23474687872788294,1.0
4.2164247360970295,1.8488044544133397,1.0
2.1601010246849297,-0.8764529830502027,1.0
3.126782063036313,-1.8192642947563358,1.0
1.7599999768562111,-0.7483345582911014,1.0
2.1151232212044087,-1.8063885344184858,1.0
3.918325311200098,0.7203224465437521,1.0
3.65706436198869,0.5187626846878517,1.0
0.5454123754658942,-1.7922867069725932,1.0
2.4578704341614244,-0.37753405894021386,1.0
4.427012558636234,-0.3388960250466475,1.0
3.6949070363263052,0.3753284578705879,1.0
3.2199141413623953,-0.7381959274171023,1.0
4.111197559271845,-0.18665367629664134,1.0
2.0672015018353145,-0.0547205290036389,1.0
3.11673419822115,0.42372702996928197,1.0
2.804571084480097,-0.7093356417666373,1.0
3.7109119639603723,0.1816366889232468,1.0
3.919322059759396,2.4321907519420596,1.0
2.863337988823953,0.7346325236446145,1.0
3.529345889077846,0.8164112253570914,1.0
1.8112137376565491,-2.0071247405895987,1.0
4.304583430262397,2.164307730387215,1.0
1.0947036161686183,-0.6938104864411307,1.0
2.5385937026130083,-0.6728394066867934,1.0
2.7698902367506704,-0.4112730265773643,1.0
1.505312528767212,-1.2429078848515263,1.0
2.9090687450447503,0.030674161225804863,1.0
2.063838385237325,-0.9987825059622747,1.0
3.6807563146482263,3.3892034691697797,1.0
3.0296056610803617,-0.15778533419793409,1.0
4.075299020821663,0.11479932878413313,1.0
2.481340188123694,-1.598381565418247,1.0
1.2800716767278404,-1.1661057958903571,1.0
4.148214341083953,1.9789635260630343,1.0
1.6033332445297441,0.07832814800603255,1.0
4.230838759192265,0.21717415004803386,1.0
2.7049778470352064,-0.6311358416315963,1.0
2.957867802367714,1.1662879309515046,1.0
4.981859035688071,1.7973786871258837,1.0
2.602485851430177,-1.9947921013999468,1.0
3.604688233222384,0.4143227318324035,1.0
3.3770719589300606,1.4663105155902922,1.0
3.3494285623324633,-1.0395808906751742,1.0
4.2881866830089415,0.3614993080765147,1.0
0.72897786190922,0.2838417308624736,1.0
4.382451776930514,2.8222644647856927,1.0
1.6183892696250215,-0.8758252059940215,1.0
3.1048049972408647,-0.8742667072514086,1.0
4.671220991237678,0.8123691822552618,1.0
2.856960907065758,0.5577614248955447,1.0
3.6551085815662034,0.9022545926994405,1.0
2.1545668826754754,0.5235351952041972,1.0
4.795987708290461,0.2992429482160632,1.0
3.2646569099780067,0.691153327816746,1.0
2.0407414653267004,0.09433325762369132,1.0
5.306015106704412,-0.2699271915764799,1.0
2.555385785900414,0.9674302218966376,1.0
2.3460201173196573,-0.7264374323490912,1.0
3.0004734347774447,0.2353505559123231,1.0
3.926735915243655,-1.029406303136508,1.0
3.083168880779356,-1.4160247606872844,1.0
3.31027431955619,0.6716078670276023,1.0
3.4139973321022654,1.1575866146225915,1.0
4.890182186679196,0.3157260509876864,1.0
2.145045289748091,0.1100989622765467,1.0
3.736184430174255,0.7798530150631048,1.0
2.6059430783926,-1.0658177796759907,1.0
1.892464556569351,-1.3544489393408432,1.0
3.072864639941611,0.35393781830344,1.0
3.0990443852868665,1.132965567503953,1.0
2.2466544248548974,1.006475811651557,1.0
3.552218408219013,0.1790304420962657,1.0
2.2633748204217525,0.13102505565113934,1.0
4.2699310138508135,1.4038912876380196,1.0
3.0509149168617746,0.2698275300116135,1.0
4.263989015934419,0.13496462186952016,1.0
3.127983491704245,-1.3275758904341717,1.0
3.8038957132640823,-0.25822839710820245,1.0
2.439709428406328,-0.09150468837452086,1.0
2.054987695575268,-0.3087473584143417,1.0
1.4223281787021769,-0.6378502351149997,1.0
3.188882551361908,-1.3002436480058321,1.0
3.1961075964642998,-1.6655285411293788,1.0
2.7212909274871073,1.1866783266989105,1.0
2.084777504179438,-0.057172150069851616,1.0
4.112719002883472,-0.33071588230142257,1.0
2.4640481630304034,1.2769665390554397,1.0
3.474499917441509,-0.21562458677950763,1.0
3.1873688652471697,0.9256487490968961,1.0
3.282875772276776,0.533470300838571,1.0
2.405457314055083,-0.6781242448213105,1.0
3.0388796564709812,0.2906007673434704,1.0
3.109101139044138,-0.9667551852979712,1.0
3.847787676560902,-2.7645374354065253,1.0
3.747077413128358,0.8004432238582062,1.0
3.416335443443107,-0.16276998425813302,1.0
3.076787571346573,-1.0289349175219409,1.0
2.467114815768987,1.5083787809692448,1.0
1.4298834064028112,-0.209164343209407,1.0
2.2219870712496848,-0.9084789133729373,1.0
2.112136255096395,0.17916288471758957,1.0
1.1118809591232792,-0.9738360845090958,1.0
3.534549912381197,0.1565582582728001,1.0
4.056716110819792,-0.473256402233859,1.0
1.9186860071214245,-0.4915691574278866,1.0
3.2310732418899026,-0.5384271888341303,1.0
3.873122743345429,-0.3103805575717614,1.0
3.150952849781649,-0.9161409440920827,1.0
3.1301790325628494,0.3126033609980276,1.0
3.225585703840334,-0.05078001154812892,1.0
2.913515091403432,0.7200152417125694,1.0
2.9999581774768336,-0.8563019583859248,1.0
2.4303190051888173,0.06075768734710914,1.0
1.6895358247135495,-1.435232179590221,1.0
2.110801262310022,-0.7704456053432049,1.0
4.374349224192327,0.18826829758178373,1.0
2.379626736798972,-0.756910536449414,1.0
3.4174194838697063,-0.4626580566790367,1.0
0.7709022009165496,-1.9397345834103763,1.0
3.1486159367060154,1.46182806485547,1.0
2.9739662613781066,0.49458174085507606,1.0
3.349277127707281,0.9776706645554565,1.0
2.370539048372253,0.8648482104796662,1.0
1.0903626086906275,-0.19902063418995133,1.0
3.454829307839024,-0.6713056591959565,1.0
3.8864132035463497,1.7242782474485685,1.0
3.3411150139093273,0.8291808158689177,1.0
4.291514017922779,0.3550260961623046,1.0
3.5734521230860636,1.8907442184299397,1.0
2.9467310666879625,-0.37794534457349527,1.0
2.5401300270424,0.36305145612158357,1.0
2.2390302913746662,-0.03687876005253546,1.0
3.5407409001062273,0.20591955970984266,1.0
4.802501518320911,0.8428264038300401,1.0
1.1873994683796392,-0.390266358241075,1.0
2.288531813527844,-2.085076566369747,1.0
1.189335745767279,-2.62311728516552,1.0
3.2803768218536242,0.9310550895980816,1.0
2.589265699883361,-1.3291335607588277,1.0
3.07208799625133,0.11562655077577574,1.0
2.847339548884555,0.5290598262175256,1.0
3.2688934982527975,1.4020009217803076,1.0
3.257695429672094,-0.005524027692947799,1.0
2.0561482148505763,-1.3302746362168165,1.0
2.402852074852294,0.8151990083034923,1.0
4.515051512298432,0.8289284670738564,1.0
4.800702598933647,1.5937664618395517,1.0
3.447484287843633,0.5679651489966023,1.0
3.1670437039428987,0.9662603562597613,1.0
3.333270030266325,-0.22884173105239985,1.0
3.314459720658803,2.1316051562393192,1.0
1.7812028054221387,-0.7402550282506132,1.0
4.205509963957072,0.5145320578704285,1.0
2.960086853494934,1.2426234017362636,1.0
4.890832881604661,0.8254269661449426,1.0
3.3156102040831907,0.06820069852430441,1.0
3.083380418583188,0.07138972723101807,1.0
2.247065233190556,-0.5532590681840814,1.0
0.8040051299190702,-0.019149807758749506,1.0
5.161482281596074,1.896813015969884,1.0
2.357529389431715,-0.5915057009745811,1.0
2.471528424159448,-2.4378417328288196,1.0
5.502307932681115,1.5627583194689256,1.0
3.2518291806717023,-0.09138085558570701,1.0
2.8451043753490044,0.01512568092587297,1.0
1.8148375777618577,-0.5791829373621169,1.0
2.31162920491628,-0.7220471683798642,1.0
2.555297900160203,-1.1417543097369585,1.0
4.025928866280031,0.48143358459726643,1.0
3.1612524009550036,-0.8925942841260401,1.0
1.1483650210768042,-1.539508373084045,1.0
2.884416672443952,-1.4952164547694236,1.0
1.3943163107466119,0.6640443942870505,1.0
3.7925442806000897,-0.5987721332235946,1.0
3.2618787045424633,0.6987865754566717,1.0
3.3479487969778137,-0.597727320617558,1.0
2.6170623209226647,1.8218222986066717,1.0
0.7460159623680211,-1.8125277730730553,1.0
2.671618037868695,-0.1554745441032428,1.0
2.9249489008322005,0.8298431112576813,1.0
2.9633174518205085,-0.3435540535808775,1.0
2.743771222070498,-1.7631196527813682,1.0
2.3788928454416793,-0.1589412193188168,1.0
3.1512602262943803,-0.5880470643785518,1.0
2.559080317185861,-0.7987297326858581,1.0
1.3341709072933043,-1.1304821460965393,1.0
2.9243739038838887,0.5879117625557547,1.0
3.9386477312681127,-0.6113195370260617,1.0
2.5280385840390105,-0.6891476934926539,1.0
3.3458240555330656,-1.1398158966488678,1.0
1.479627704113847,-0.1438351430880011,1.0
1.0622802982255923,-0.4117267356999457,1.0
3.660614283781565,-1.22042839861046,1.0
4.788752534440773,1.636226686897831,1.0
3.648813330530017,-0.2172907030101129,1.0
1.728306554307991,-0.762838932441594,1.0
3.6255850920944437,-0.3034458104290137,1.0
3.0839429911688283,1.0777799589033894,1.0
0.3824053893183361,-0.05770697061841872,1.0
2.1155451563388685,-0.2586474409508107,1.0
3.1661936897577534,2.0233295677088092,1.0
4.1925219634915685,1.6012612255708158,1.0
3.3758887073772867,-0.38662059862828013,1.0
2.368491335928102,0.20359292053004735,1.0
1.8642211260497912,-1.0587305875066537,1.0
0.6102513499874496,-2.553162336311109,1.0
3.174489479144446,0.8834856114817708,1.0
4.01603748776173,-0.33577012565296327,1.0
3.222635577912829,0.4406913937546408,1.0
4.963100991376532,0.00888952649277464,1.0
3.7594096335199394,-0.7597132350328718,1.0
3.5855916640678913,0.8544807080307875,1.0
1.2125800339931379,-0.8852502003265296,1.0
2.6126422623223613,-0.7253366230347907,1.0
3.2267763618607064,-1.0337864238292556,1.0
2.7310207477178414,2.7212089652443816,1.0
3.5912233932918,-0.5741623709896708,1.0
4.662759117155808,1.9632062091475333,1.0
2.590795755455294,0.6424485170339338,1.0
4.283009618707343,-0.3474260718841101,1.0
2.5540549741677836,1.3784769396922683,1.0
2.600244538893411,0.39481716587480015,1.0
3.1249208432731574,1.0720720113117477,1.0
3.2012639375381613,-0.09431030732852261,1.0
3.2570039345290485,-0.09517223925288643,1.0
2.649448371725828,-1.558699099515539,1.0
1.5427031784876901,-0.19311082973844226,1.0
2.9853608210731766,-0.5821821726519777,1.0
3.400480050561271,-0.13348961079479657,1.0
1.7492506637790655,-1.1141437235105311,1.0
3.9420276410406005,1.2347833551956715,1.0
4.405962148052046,1.2232883917642194,1.0
4.320456203452672,1.9078409199416373,1.0
3.9877148355798093,1.6430065706020633,1.0
4.136074620026525,-0.17727244239583181,1.0
2.9236185062997926,-0.4393724967588833,1.0
4.777347324009963,-0.12975303997593723,1.0
3.7412372352344248,-0.21194267857103233,1.0
3.975247035282305,0.8974727557511762,1.0
3.63551316654332,2.128684318830378,1.0
3.3392428019084157,-0.5843249109763818,1.0
1.6738631897724014,-0.16538858666446085,1.0
3.152835402887963,1.1219032093767365,1.0
4.866251017305482,0.857942019804368,1.0
2.757317656454993,0.11965140998731344,1.0
2.0702169516551963,1.2884777082076073,1.0
4.059336512928182,1.3540659299332796,1.0
3.3469009536384795,1.1231298933623455,1.0
1.902934439564215,-0.6937350256799187,1.0
2.871795409732394,-1.2209502536731145,1.0
3.802964115606122,0.05736649504264804,1.0
3.161919512323269,1.433683076788361,1.0
1.470017325225303,-0.13266163652141066,1.0
2.507129293201173,-1.0195874800425182,1.0
2.220534352441722,0.8817727574783162,1.0
3.3368188064319693,1.0143593673091007,1.0
2.156966933279417,-0.9938959446552036,1.0
2.3335604766785303,1.3439843853192384,1.0
2.730092825645234,-0.35945112904566934,1.0
2.391248518207969,-2.292863259426036,1.0
1.5089011996724566,-1.5932049686744814,1.0
3.8899879554119883,-0.40583950252406964,1.0
3.2992224336416736,0.4892649383747185,1.0
2.2626176398381803,-0.04912637076763047,1.0
2.590247779128293,-0.5422942820246981,1.0
2.141990478929883,-1.126767412889875,1.0
0.47310190816021924,-1.9722173764717335,1.0
0.5862198988350462,0.03491907689654355,1.0
2.431237213847745,-0.8837798810323891,1.0
2.7869230465117667,2.3397600166180355,1.0
1.5328601735909884,-1.0356939248168948,1.0
3.2044427317677897,-0.4661120014019879,1.0
1.7930130660881787,-0.6813194223268185,1.0
2.2328069366870427,-0.4150036598217486,1.0
4.319615895155621,0.829554292057124,1.0
4.351686832393477,0.571934994103903,1.0
1.5886095757233079,-0.8390194793909916,1.0
4.483625471222817,0.8845526343788739,1.0
3.8817049945689486,-0.2256787765482533,1.0
1.257878022460218,-0.6196045095647369,1.0
2.686611744043959,-1.3589838263420504,1.0
2.7186282145409173,0.8966325397937546,1.0
4.3648311531656985,1.7503465985295934,1.0
3.685755688665629,1.027497509928218,1.0
2.169836052817537,-1.162754852907578,1.0
2.9137816344279357,0.8903363765940859,1.0
3.757342761407924,0.7029488417566877,1.0
2.8351550447262763,-0.637018307918512,1.0
1.7075009233011043,-1.5885454218051958,1.0
2.354079175339365,-0.5358288054241718,1.0
4.917213697701791,0.5110565000278487,1.0
2.7930089811676937,-0.21230539333000448,1.0
2.9179487262484285,-0.3845335868636765,1.0
1.645190509667532,-2.071994702128242,1.0
4.3927355211748935,1.0685372137841793,1.0
3.0364562347488016,-0.11845626277523544,1.0
3.5355204821877404,0.24771642297978863,1.0
1.9147871012073698,0.5958600590014711,1.0
2.5200983722418338,0.14385466261760949,1.0
2.1148621019285985,0.496233578678703,1.0
4.32047625790548,0.7305112649600156,1.0
4.004065342496705,1.1875308281269152,1.0
4.723955970394355,2.222845055632956,1.0
2.1257040510520775,0.3291237957795912,1.0
2.8477869987625644,0.7745906482878974,1.0
3.7311827997062217,0.22422734517956128,1.0
4.288384056682444,1.7010806362770026,1.0
2.6751527794344283,-1.0235365858694587,1.0
1.047085948844416,-2.273333625335084,1.0
2.7934410985674774,-0.8937955996241692,1.0
2.443044159585666,-1.2149575883412222,1.0
3.978403385852645,0.19899927912310458,1.0
0.5421191822896607,-2.6189989883513016,1.0
3.240110255060459,-0.5972574932994859,1.0
1.9377047044412488,-0.21798046152550873,1.0
0.9941410010935603,-0.9478481716158347,1.0
3.8259867318313585,1.0377631126732827,1.0
2.6674995168647953,-0.2713427016056045,1.0
2.070380931062971,-1.510005174647631,1.0
4.638760455583087,0.9006216692521181,1.0
2.5794104535915103,0.0324753670102624,1.0
3.072883034343114,0.012569290057939279,1.0
4.382749469566365,1.5589771021139993,1.0
3.4684236396751573,-1.0142710304476708,1.0
2.3402513729828174,-1.8082135752950177,1.0
3.6456789219177717,-0.0820821886994593,1.0
1.7500585230796837,0.455307478655583,1.0
3.63966256539599,0.6056316122805581,1.0
2.812603430039183,-1.849137158832383,1.0
4.453851399654627,1.5875136777329761,1.0
4.430036330130303,0.5084572439288306,1.0
4.703828114601453,1.101547205594967,1.0
3.7794931541741392,0.6780583937295703,1.0
4.092038446774067,-0.5645465894275906,1.0
1.6270380476484607,-0.17083073173809102,1.0
2.918444449418174,-0.700684529696783,1.0
2.6597323507415123,0.2523829479350606,1.0
3.0890724560346863,-0.7004949703803266,1.0
3.132018934983116,0.994476642690728,1.0
3.997522669836904,0.8873186076258328,1.0
4.029109887331444,1.0370692548660143,1.0
1.8262087814616095,0.6675084622975566,1.0
3.127621605403286,0.8989939226043575,1.0
3.426501970223158,2.2930481443684516,1.0
2.484812201030505,0.2727103456229082,1.0
2.4006830329582463,1.6186652419795868,1.0
1.9978264810285729,-0.7872600126265061,1.0
1.486167692944167,0.6369569307598749,1.0
1.7365307798584517,-0.7012717939660656,1.0
3.7671505940556305,-1.7550513215113166,1.0
2.1825501218226364,-2.0718330796371833,1.0
2.9623934473243705,1.6525563882516596,1.0
3.495234550022571,2.673028468300712,1.0
3.206719077793621,-0.639839376851925,1.0
5.168435111329343,2.216151229679141,1.0
3.2784694460491863,-1.900648273350532,1.0
3.2473164892662387,1.4186065825836582,1.0
4.62212802608567,0.614905987360401,1.0
3.298692112759797,0.18719283857178565,1.0
3.022427442472872,0.19275626942733234,1.0
3.2558171353601986,-0.37184830328949336,1.0
2.8841309133723705,-0.3159537651564682,1.0
3.1124343050410475,0.5297076689332528,1.0
3.297601860445423,0.2433091807868597,1.0
2.5619838476273804,0.3598200233454914,1.0
4.319690000118956,0.9665305170649213,1.0
3.9913234628727485,0.30021393061091944,1.0
1.9125408161076471,0.2761682803863378,1.0
3.5994631610330776,-0.34659769973684634,1.0
4.697464581301779,1.2949514880825392,1.0
4.580660505103548,-0.38719965882482077,1.0
0.45431173958405013,-2.863375227290467,1.0
1.596452374604381,-2.527463847464119,1.0
3.4335602552067024,0.5445695671729426,1.0
3.6886659779444715,-1.7502234160248888,1.0
3.251202682101059,0.36101988621965536,1.0
2.8036408139125815,-0.5200211570337473,1.0
4.3379434266294075,1.4893474205893562,1.0
4.4649185553046795,1.3422212121250627,1.0
2.9942779044816454,0.8467876292663803,1.0
1.3505372928837107,-0.976360076408446,1.0
3.805087173689625,-0.16881220705077415,1.0
2.640307102340975,0.25835842433351885,1.0
2.1679528775992853,-0.08427356922409382,1.0
2.2633286361626155,1.1288763252847904,1.0
2.2541851546296985,0.31168978316813906,1.0
3.1279300758566286,0.8540798466986572,1.0
1.008971555108607,-0.13635920902343682,1.0
4.354996988589362,-0.5786554386542581,1.0
2.785446323568008,0.14027784063564427,1.0
4.081132058394427,1.3166034895191618,1.0
2.4193224098259756,-0.1962041334210168,1.0
1.5652345043186555,-0.6052009157062949,1.0
2.642502791050632,-0.857881901148586,1.0
2.1226000753206393,-0.06937021951605868,1.0
2.626919363812464,1.737002873076353,1.0
3.537608832127238,-0.20048404476810275,1.0
3.772989618965206,-0.3799247892370795,1.0
4.808777293275701,0.08203806088239654,1.0
4.1374933268564735,0.9137494828724659,1.0
2.9756327038328783,-1.1344506099188372,1.0
1.9687132932825868,-2.171075479198642,1.0
3.7594901372720244,1.038109622559621,1.0
3.016449730925042,-0.0703985595428232,1.0
2.7930549396257507,0.20134162040779682,1.0
2.481006281371925,-1.2087066454688116,1.0
3.1746508723504085,-0.048088608263063506,1.0
1.2136982798682208,-0.957441734974528,1.0
3.562965266870734,0.20160834114381557,1.0
1.790530447027211,-1.1368002680104419,1.0
1.0356641220372171,0.46415130539214394,1.0
2.994018258445866,1.0577671570445353,1.0
3.1783563604823333,0.7764171900586051,1.0
1.8355760060071993,0.6264661153324936,1.0
4.455111796045482,0.3536714666925178,1.0
1.8884930155898163,-0.8529356214977061,1.0
2.615999645800983,-1.6287371492001552,1.0
1.0684723044755897,-1.4813814549091844,1.0
4.698965401695716,2.3743717357398277,1.0
2.348331300801307,-2.3811120373381987,1.0
2.710664130118177,0.5030077553884547,1.0
2.4822887894546533,1.167474694670954,1.0
3.589823383370201,0.8723770909031272,1.0
3.460383017664102,0.48843404509493143,1.0
3.406811686488861,-0.9252455676406797,1.0
3.1396054031789387,-0.387887066122231,1.0
2.8656914129735336,0.727850444759306,1.0
3.1337247215156747,0.30185088891497064,1.0
2.805310267158291,0.11149373346470255,1.0
4.156389115344682,-0.32808752941685493,1.0
1.5116282253194262,-1.952862111028234,1.0
2.41870396032981,1.0906199837880817,1.0
2.6075107138135243,-1.0072366435577835,1.0
2.420457051642104,-1.3635910630993162,1.0
4.961234049815607,2.0475892763908536,1.0
2.0428021790483077,-0.2704358093976329,1.0
3.01139612567231,-0.8392654705782979,1.0
0.5866112278970252,-1.7438160250755184,1.0
2.8316329456859846,-1.1191183821731046,1.0
1.900893388790477,-0.37170590227618694,1.0
3.935741372826952,0.6789178236412803,1.0
3.8501664083492537,1.0135569882665814,1.0
2.7989755058995196,0.5861288024024813,1.0
3.5730286124702917,-0.35703657495452074,1.0
5.266578606273489,0.8410773929291729,1.0
2.6007353982854307,0.0825379821836652,1.0
0.7538549995591257,-0.6691620092051832,1.0
2.5590395256734997,-0.38027276170833985,1.0
3.274458230652321,-0.13550637648422645,1.0
4.395211185191383,1.613009317603105,1.0
3.684584426693374,-0.130328520215407,1.0
5.3055460451001935,1.3092978953242587,1.0
4.221564573811113,-0.31210315940926125,1.0
3.5193689717458865,0.22963857068091,1.0
2.1471673800324425,-1.3116022466810922,1.0
4.270068082970844,0.42613606460883885,1.0
3.1852175874674207,0.10927570932249556,1.0
3.6628479276337953,-0.4488452932290504,1.0
2.3445412251157007,-1.059336072660726,1.0
2.7568028594726757,0.5349221040842421,1.0
2.4695309069831053,-0.44670702982017574,1.0
3.2701849634534312,-0.9793723740222406,1.0
1.778999091658083,-0.7799126467148704,1.0
3.6943168336409684,0.6969533787151331,1.0
4.761060276174241,0.7065572775509661,1.0
2.651526325710033,-0.08790759490781694,1.0
2.918909208065549,-0.7443913014802253,1.0
1.9094686569112826,0.3987030839545707,1.0
4.631822764259334,1.8170112362032782,1.0
5.8101679283254075,1.5284811074561166,1.0
3.0827831353199038,0.09690979464729241,1.0
2.3404253211692136,0.14328889307159207,1.0
3.8427189098324264,0.8297376540444066,1.0
3.737064522221838,0.26573796309262665,1.0
3.8146554473562446,0.8203042556499228,1.0
3.1781958634290994,0.4590313700852525,1.0
2.8537638557136917,-0.46109175895916554,1.0
3.620098497104312,0.8530376369403413,1.0
3.8480282551671587,-0.1249033120321999,1.0
2.202743196304935,0.7379375634949281,1.0
4.0178337895914105,0.9987092489209861,1.0
3.2789689877552357,-1.499340169820687,1.0
3.471451620836503,-0.056870783154380405,1.0
4.952915717058,1.1144460017726954,1.0
2.710259831365148,-0.04961429020139714,1.0
2.7752525914390396,0.7278713357614673,1.0
3.2313905029054033,1.0185258291986494,1.0
3.5093251209600482,1.0855113715863693,1.0
3.9081100432078113,1.7436063817163912,1.0
3.1563647849613083,0.31715092933217565,1.0
3.253858506666616,0.9027789470819465,1.0
1.9452992665410558,0.6156371813718206,1.0
2.263223670432689,0.301161237810004,1.0
3.1571662102023854,0.39702651795949984,1.0
3.3763125899449387,-1.6613422499729649,1.0
2.945781582952786,0.18122040780921203,1.0
2.223375391739467,0.8026651125856119,1.0
1.9031242524898442,-0.7038515384336355,1.0
2.1400681372247625,-1.3296025566451333,1.0
4.297286699292808,-0.444090362471682,1.0
3.0749990023679423,1.6198035214154605,1.0
2.1458830969102207,-0.4071762941064466,1.0
2.046696417549241,-1.0559344360228247,1.0
2.257338686745793,-0.24958654243742648,1.0
2.140703847237579,-1.063662104713648,1.0
3.234145911695493,1.4658925470993565,1.0
2.5932424659156306,0.9140164755704883,1.0
3.6644869807910303,0.770756150793817,1.0
1.8997443796535511,-0.9388956593465926,1.0
2.8444572341945116,0.007259557144224886,1.0
2.7635118525120013,-1.4009753477286773,1.0
3.4499574085365463,0.2365075536714568,1.0
3.255939501380363,-0.3174529552554283,1.0
1.9350548753868237,-1.2724552019146311,1.0
3.5125029526439677,-0.03909136419790155,1.0
1.3267191357695793,0.6915622861768485,1.0
3.6134088639128192,0.9855128852556423,1.0
3.270115508249238,-0.7431184977328844,1.0
2.4756782738188905,-1.1773210176714022,1.0
1.1412169822608136,-0.23054360668514487,1.0
3.105643383200138,0.6393236268341433,1.0
2.4621198220199005,-1.4331113023701136,1.0
2.985117263442631,-1.7419385040447706,1.0
1.8652265212565382,-0.4870345616067061,1.0
2.5595020547099914,-0.12872741994819664,1.0
1.9150701120892926,-0.6018917495092748,1.0
4.178984850995245,-1.071618770833262,1.0
2.870718510494848,-1.03570899956175,1.0
3.9097261274599413,0.5820187667586428,1.0
2.038310118495724,-0.19976042723057688,1.0
3.2089444971159726,0.5176342334685322,1.0
5.866486835631617,0.6804765069264582,1.0
3.343536552551446,1.1233842280860942,1.0
2.17241055640971,-0.9735864380868242,1.0
2.054321403110805,-1.7814908457693608,1.0
4.2403830202655755,0.5530930777995988,1.0
2.1172268366184857,-1.5406414101654977,1.0
2.379968931493404,-0.08645874466702363,1.0
4.071551746230137,2.2237429950361527,1.0
3.9653471197354415,1.1169648789180924,1.0
1.999890653181109,-1.6545634205783797,1.0
2.312931279196593,-0.015334335076286657,1.0
3.0121468768636355,0.09338929908201413,1.0
1.2837710084582996,-0.6172155554299122,1.0
2.444027822741294,1.4138813062937157,1.0
2.072832084661653,-0.67867504475196,1.0
3.927994295381596,0.9165856142021835,1.0
3.3240290101552628,-1.0187773658637758,1.0
3.506901196526847,-1.051635494450914,1.0
4.233223507571637,0.635103445646839,1.0
2.2259605105490587,-1.7154367808749673,1.0
3.964931529724283,-1.2209269234101945,1.0
1.5284720258329587,-0.2223321701866243,1.0
2.7464214540065086,0.02814709169598355,1.0
1.8401759534561626,-1.7809183470081962,1.0
4.94372231992205,2.377870031043995,1.0
2.0804638186474484,0.6616962304136941,1.0
3.578720738355857,0.918115970582323,1.0
2.8961298811340024,-0.3331609214312318,1.0
2.4293122333949744,-1.9610238106302234,1.0
3.027318940064785,0.7587805604045595,1.0
3.980200807668626,0.09817073947732681,1.0
4.705245363061092,0.33227255511494375,1.0
2.5882290462682973,-1.7888767710697193,1.0
4.170388074113844,2.753253610399567,1.0
5.718878351760431,0.32228785937601184,1.0
2.447112422098609,0.6897699500455666,1.0
3.350447581529978,-0.21561531612092288,1.0
1.7134232956191404,0.9934856918090061,1.0
3.0724506851510993,0.03459205878339018,1.0
0.7154488228284643,-1.2629101448846511,1.0
4.069656665474966,0.04391945858371005,1.0
4.333625567917419,-1.5418451424439525,1.0
2.3937766617329945,0.17475178072866396,1.0
4.718357646433717,0.8180750953207956,1.0
2.55736042211783,-1.4981962678111527,1.0
2.471836220930028,0.4597014840024357,1.0
2.4870261532025317,0.45002444754392035,1.0
3.4077279914113365,0.42002079925953617,1.0
3.9416836417765313,0.3012115987553052,1.0
3.034049290127368,0.47381057078482763,1.0
2.8247598461324483,-0.6181104908404745,1.0
4.092258210436302,1.3062576142714706,1.0
2.098336759981132,-0.3942205490865906,1.0
1.4348149315287564,-1.7395358975925546,1.0
2.474889968022146,1.15807295752284,1.0
4.279169554272588,0.16726403485634567,1.0
2.5108042541848636,-1.1456032882798035,1.0
2.445817057823992,0.16958951571326022,1.0
1.688282194469623,-1.2656810886519336,1.0
3.209262929873376,1.47214254989622,1.0
4.278675392196865,1.6283079858941105,1.0
3.676138544213591,-0.8037671566713709,1.0
1.4948056874656797,-1.2265155944973636,1.0
1.0800595353651505,-1.5542517795891455,1.0
1.4747322266699023,0.1474036667280478,1.0
1.731698787463299,-0.7159341940022201,1.0
3.672542872192113,-0.34889806790698547,1.0
3.527947792327298,0.584059780151303,1.0
3.6344268024626047,0.8465246712710771,1.0
2.0794023800218278,0.21450802091471996,1.0
3.0955867865026,0.18620362404122662,1.0
2.064879731911896,-1.064321187947541,1.0
2.2835668946483443,-0.13382023634033052,1.0
0.62557136888912,-3.3984308336274163,1.0
2.748214040719853,-0.31319045762898406,1.0
2.4742683759330655,0.25711009723605976,1.0
3.712816554311835,-0.3951837500349602,1.0
2.2892560801895003,-0.8778400122206866,1.0
2.7633329956534665,0.7023761007124764,1.0
2.2397954145374523,-0.5065504723358035,1.0
2.423038303742417,1.4395293592284104,1.0
1.729519897141156,1.189937981543546,1.0
2.5498509558748093,0.05078760551237782,1.0
1.8468672132159476,-0.20202211541006443,1.0
3.0244515027312393,0.23364641678483156,1.0
2.2282110484062976,-0.7505940087826344,1.0
2.666608518691078,-0.28948686844288496,1.0
3.386362003553859,1.7071200101805466,1.0
2.8366428601011218,-1.9549017014475307,1.0
3.7026609909676464,0.6548381510556218,1.0
3.67855874058535,0.30868511518126596,1.0
1.0753348352698318,-2.080002463100475,1.0
1.0440649478500479,-1.7405834222434802,1.0
5.262961747629189,0.5813081361126307,1.0
2.659146745845626,-0.7920400812986255,1.0
3.3270414574752127,1.4889162582684212,1.0
4.848082156470075,-0.0001875273106751561,1.0
3.5910766134312486,0.42191967938132546,1.0
3.493607305816006,0.4837475791419573,1.0
3.877005823335501,0.7798067870168877,1.0
3.527885178743207,-0.872435884472492,1.0
3.3622766703165547,-0.8383183883399858,1.0
1.0413681035498406,-0.19671609023817707,1.0
3.278291937084158,0.30042005878764066,1.0
2.3841286645922706,-0.5146935201588505,1.0
2.4473270503835924,-0.10551026204583858,1.0
2.7930785950110306,0.2110795785364757,1.0
3.5922662973931443,0.9902600045654548,1.0
1.0896473437525596,-0.11374101405902495,1.0
2.402418699008931,0.32657463778701556,1.0
2.5097072774395044,1.0147419802474924,1.0
0.9929997854422243,-1.8151547134730128,1.0
2.437126813601372,1.806059153817006,1.0
3.4743954526366547,0.9738104598698692,1.0
5.11787061576368,0.9885538645498105,1.0
2.35576807857764,-0.006071668188711783,1.0
0.6587600715137185,-1.4370054311879128,1.0
2.260798900238192,-0.16487643795793366,1.0
4.354067060085139,-0.1384014343353332,1.0
3.7416719530067284,1.9051920663753361,1.0
4.684320727358971,0.1835173997472916,1.0
2.409588648032246,-0.07130850518041337,1.0
2.612867574649895,0.056369736983819606,1.0
2.8117189271796112,0.20980813142976085,1.0
0.8218341615330882,-1.2462853760974593,1.0
2.713535642378682,1.267091484485011,1.0
3.889292953167443,0.39370358561064345,1.0
4.097594586796175,0.4618607734137551,1.0
4.726707352939128,-0.4706188696616427,1.0
2.1825550370160505,-0.26391199199794163,1.0
3.0236488265509758,-0.8033581109125101,1.0
3.895636888503533,2.3346269979918235,1.0
2.886042600888375,-0.421264347391176,1.0
2.2762245626233297,-0.561007268178508,1.0
0.017960165720805055,-1.770580870436903,1.0
2.34795080054779,2.0982696894960373,1.0
2.9860085747437095,0.5680114978071373,1.0
3.2609136885916126,0.06480992495310849,1.0
3.699268691640315,0.5988848830590032,1.0
3.982952222348648,0.09460602013934673,1.0
2.825728902406459,0.060193437913944166,1.0
2.257768199478864,-0.11043577431387112,1.0
2.4353451746510597,-0.024225067049098933,1.0
0.8679724394716852,-1.246618476293829,1.0
3.3206274889300293,1.2891240495813017,1.0
4.377200339502397,0.004073333157462902,1.0
4.063003649702088,1.4825782721654432,1.0
3.985826394005958,-0.023712222567457086,1.0
3.0648619178097007,-0.9589175554628988,1.0
3.8551002236637024,-1.652933935036293,1.0
2.3591025500304057,-0.4022059998000879,1.0
3.654452900309595,0.7253267800553084,1.0
3.585141161913611,2.4079361715728287,1.0
4.188909427450681,0.13669634225986504,1.0
1.657585887053394,-0.017507526184116738,1.0
3.165022329742801,0.1811995435171921,1.0
3.1493540942528497,0.6474350103550495,1.0
3.8168801763356193,-0.7031163917359597,1.0
3.4643433496692846,1.3460343313733294,1.0
1.1843187028436433,-1.445948558621149,1.0
4.812760737641171,0.8902443035810039,1.0
4.429667017694204,1.2559655207372062,1.0
4.100074664327593,1.1424241476151726,1.0
2.1690508471639136,-0.18008203164226275,1.0
3.1838319264733483,0.6052897289163504,1.0
2.579111723426086,-0.7904757850916082,1.0
3.193584686628155,0.24089371056421627,1.0
2.9317427064440333,1.1603024198662857,1.0
2.9152294043098705,-1.0827258756541458,1.0
2.859203423394648,1.1309041822866852,1.0
0.38135149153801606,-0.03195669332710709,1.0
2.904447343093448,-0.47072287206798985,1.0
1.7291578420418554,-0.36785098618352047,1.0
3.32814087139407,0.9495256415560515,1.0
3.757513683153167,0.8844978771839798,1.0
3.4378732291617142,-0.4568413057397492,1.0
4.207653034446544,2.5222370665679454,1.0
2.666818223171403,-0.042908725388032636,1.0
3.3291275321044775,0.3266978878199893,1.0
1.9454306832674135,0.4818911148396848,1.0
2.693587160249738,0.381633023215959,1.0
2.8365595820419136,0.8620613404264187,1.0
3.4777994554444467,-0.5300437689904747,1.0
2.5793031000862814,-0.9031971245439093,1.0
3.6660074457638157,-1.1835927479791588,1.0
1.5585007507096513,0.31769730150448283,1.0
1.7890840495365046,-2.777038234340735,1.0
1.1671069221137578,-0.6152058495152987,1.0
4.200272414409195,-0.042715254233073235,1.0
3.615681543780907,0.3470902098032632,1.0
4.220382793926441,0.621726321693184,1.0
1.6818947334593966,0.6490478561253464,1.0
3.4105943825354643,1.023393944404925,1.0
1.0668919810175157,-1.5748572471821773,1.0
2.0993442181140924,-0.6204770900286748,1.0
3.6072803691108275,0.020224042647574148,1.0
2.2843167255182646,-0.423461989715725,1.0
2.2028952919113354,0.39592887588932496,1.0
2.979802127128698,-2.348879235045655,1.0
4.0565140267938276,-0.5761870370755718,1.0
5.209043425192236,0.027049264414560327,1.0
3.4940597633700587,-0.4523456275395092,1.0
2.776698857124538,-0.4897413764828358,1.0
3.6638484711441253,1.1946957534511746,1.0
2.3151309456477067,-0.17408162004556038,1.0
2.170672826608924,0.5728142136622437,1.0
2.6471627289042075,-0.9363569364881166,1.0
3.4698335738442982,1.3491991728489767,1.0
2.552514455595658,0.08544897819611899,1.0
2.799520573216622,-0.11372614294564933,1.0
2.53115101828458,-0.9642520084188292,1.0
4.0615393590064475,-0.5099528019563737,1.0
1.6137434378261433,-0.05087397495589704,1.0
3.090322342294025,-0.511458513074163,1.0
1.181614196311022,-1.8375190201333411,1.0
2.830542369839163,0.946559720610871,1.0
4.075297691325861,0.9829246699264605,1.0
3.9375211566369654,1.2943441515137184,1.0
2.225521754248599,-1.2628993589842517,1.0
4.1437982095122825,-0.6632760856602334,1.0
2.7885964983227534,-0.38387305964187113,1.0
2.0857123049788235,-0.48397692852100443,1.0
4.380356294386965,1.6394184156830554,1.0
3.4808802674327635,0.43347588601435666,1.0
2.7146058702645806,0.018035143943929195,1.0
4.684416753183859,1.845017118382965,1.0
3.3662004898745828,0.571372230087745,1.0
2.889927614518879,0.10936931384786265,1.0
2.070809723548334,-1.4757134938377758,1.0
3.3361720467513,1.0359071189259292,1.0
3.913316740594098,-0.513116818965889,1.0
3.440469216936433,0.14145005007194306,1.0
4.363201386903597,0.5215008815922689,1.0
3.2612247726591517,-0.5182547774435213,1.0
2.9619283622950032,-0.6380385889529222,1.0
3.0633388967365174,1.2977178531961744,1.0
2.948708824215276,0.18337529126495,1.0
2.275815847871726,-0.744976307676602,1.0
1.790863804967387,-1.844739028694169,1.0
1.7665581036928,-0.309435518453029,1.0
4.575242564060884,-0.5610509958829707,1.0
1.946442995061789,-1.1241528663827345,1.0
3.175326990731131,1.8370870331640285,1.0
3.974523547136261,1.6627226746309516,1.0
1.9384670451170074,0.8280185782848316,1.0
4.042698814303811,1.812382415447348,1.0
2.8096303634971957,0.7028877473493551,1.0
3.761642007482624,0.3475587604756238,1.0
2.529749929497926,-1.243956612949259,1.0
3.2805394940746746,0.02190388192981854,1.0
3.421733849505563,-0.6384871705495477,1.0
3.531495095461283,0.7320143891804572,1.0
3.5512523852529716,0.5082417777206141,1.0
3.1605663380311624,0.4936424283558378,1.0
2.5617449976513162,-0.5939540239116124,1.0
